-- MySQL dump 10.13  Distrib 8.0.32, for Win64 (x86_64)
--
-- Host: 127.0.0.1    Database: db_study2
-- ------------------------------------------------------
-- Server version	8.0.32

/*!40101 SET @OLD_CHARACTER_SET_CLIENT=@@CHARACTER_SET_CLIENT */;
/*!40101 SET @OLD_CHARACTER_SET_RESULTS=@@CHARACTER_SET_RESULTS */;
/*!40101 SET @OLD_COLLATION_CONNECTION=@@COLLATION_CONNECTION */;
/*!50503 SET NAMES utf8 */;
/*!40103 SET @OLD_TIME_ZONE=@@TIME_ZONE */;
/*!40103 SET TIME_ZONE='+00:00' */;
/*!40014 SET @OLD_UNIQUE_CHECKS=@@UNIQUE_CHECKS, UNIQUE_CHECKS=0 */;
/*!40014 SET @OLD_FOREIGN_KEY_CHECKS=@@FOREIGN_KEY_CHECKS, FOREIGN_KEY_CHECKS=0 */;
/*!40101 SET @OLD_SQL_MODE=@@SQL_MODE, SQL_MODE='NO_AUTO_VALUE_ON_ZERO' */;
/*!40111 SET @OLD_SQL_NOTES=@@SQL_NOTES, SQL_NOTES=0 */;

--
-- Current Database: `db_study2`
--

CREATE DATABASE /*!32312 IF NOT EXISTS*/ `db_study2` /*!40100 DEFAULT CHARACTER SET utf8mb4 COLLATE utf8mb4_0900_ai_ci */ /*!80016 DEFAULT ENCRYPTION='N' */;

USE `db_study2`;

--
-- Table structure for table `course_mst`
--

DROP TABLE IF EXISTS `course_mst`;
/*!40101 SET @saved_cs_client     = @@character_set_client */;
/*!50503 SET character_set_client = utf8mb4 */;
CREATE TABLE `course_mst` (
  `학생명` int NOT NULL,
  `강의명` varchar(45) DEFAULT NULL,
  `강의료` varchar(45) DEFAULT NULL,
  `강사명` varchar(45) DEFAULT NULL,
  `강사학위` varchar(45) DEFAULT NULL,
  PRIMARY KEY (`학생명`)
) ENGINE=InnoDB DEFAULT CHARSET=utf8mb4 COLLATE=utf8mb4_0900_ai_ci;
/*!40101 SET character_set_client = @saved_cs_client */;

--
-- Dumping data for table `course_mst`
--

LOCK TABLES `course_mst` WRITE;
/*!40000 ALTER TABLE `course_mst` DISABLE KEYS */;
/*!40000 ALTER TABLE `course_mst` ENABLE KEYS */;
UNLOCK TABLES;

--
-- Table structure for table `instructor`
--

DROP TABLE IF EXISTS `instructor`;
/*!40101 SET @saved_cs_client     = @@character_set_client */;
/*!50503 SET character_set_client = utf8mb4 */;
CREATE TABLE `instructor` (
  `instructor_code` int NOT NULL,
  `instructor_name` varchar(45) NOT NULL,
  `university_name` varchar(45) NOT NULL,
  PRIMARY KEY (`instructor_code`)
) ENGINE=InnoDB DEFAULT CHARSET=utf8mb4 COLLATE=utf8mb4_0900_ai_ci;
/*!40101 SET character_set_client = @saved_cs_client */;

--
-- Dumping data for table `instructor`
--

LOCK TABLES `instructor` WRITE;
/*!40000 ALTER TABLE `instructor` DISABLE KEYS */;
INSERT INTO `instructor` VALUES (1,'김준일','서울대'),(2,'김준이','성균관대'),(3,'김준삼','한양대');
/*!40000 ALTER TABLE `instructor` ENABLE KEYS */;
UNLOCK TABLES;

--
-- Table structure for table `lecture`
--

DROP TABLE IF EXISTS `lecture`;
/*!40101 SET @saved_cs_client     = @@character_set_client */;
/*!50503 SET character_set_client = utf8mb4 */;
CREATE TABLE `lecture` (
  `lecture_code` int NOT NULL,
  `lecture_name` varchar(45) NOT NULL,
  `lecture_price` int NOT NULL,
  `instructor_code` int NOT NULL,
  PRIMARY KEY (`lecture_code`)
) ENGINE=InnoDB DEFAULT CHARSET=utf8mb4 COLLATE=utf8mb4_0900_ai_ci;
/*!40101 SET character_set_client = @saved_cs_client */;

--
-- Dumping data for table `lecture`
--

LOCK TABLES `lecture` WRITE;
/*!40000 ALTER TABLE `lecture` DISABLE KEYS */;
INSERT INTO `lecture` VALUES (1,'java',1000000,1),(2,'python',800000,2),(3,'c',600000,3);
/*!40000 ALTER TABLE `lecture` ENABLE KEYS */;
UNLOCK TABLES;

--
-- Table structure for table `order2`
--

DROP TABLE IF EXISTS `order2`;
/*!40101 SET @saved_cs_client     = @@character_set_client */;
/*!50503 SET character_set_client = utf8mb4 */;
CREATE TABLE `order2` (
  `student_code` int NOT NULL,
  `lecture_code` int DEFAULT NULL,
  `instructor` int DEFAULT NULL,
  PRIMARY KEY (`student_code`)
) ENGINE=InnoDB DEFAULT CHARSET=utf8mb4 COLLATE=utf8mb4_0900_ai_ci;
/*!40101 SET character_set_client = @saved_cs_client */;

--
-- Dumping data for table `order2`
--

LOCK TABLES `order2` WRITE;
/*!40000 ALTER TABLE `order2` DISABLE KEYS */;
INSERT INTO `order2` VALUES (1,1,1),(2,1,2),(3,2,3);
/*!40000 ALTER TABLE `order2` ENABLE KEYS */;
UNLOCK TABLES;

--
-- Table structure for table `student`
--

DROP TABLE IF EXISTS `student`;
/*!40101 SET @saved_cs_client     = @@character_set_client */;
/*!50503 SET character_set_client = utf8mb4 */;
CREATE TABLE `student` (
  `student_id` int NOT NULL,
  `student_name` varchar(45) NOT NULL,
  PRIMARY KEY (`student_id`)
) ENGINE=InnoDB DEFAULT CHARSET=utf8mb4 COLLATE=utf8mb4_0900_ai_ci;
/*!40101 SET character_set_client = @saved_cs_client */;

--
-- Dumping data for table `student`
--

LOCK TABLES `student` WRITE;
/*!40000 ALTER TABLE `student` DISABLE KEYS */;
INSERT INTO `student` VALUES (1,'김동민'),(2,'김두영'),(3,'장진원'),(4,'김두영');
/*!40000 ALTER TABLE `student` ENABLE KEYS */;
UNLOCK TABLES;

--
-- Dumping events for database 'db_study2'
--

--
-- Current Database: `db_study`
--

CREATE DATABASE /*!32312 IF NOT EXISTS*/ `db_study` /*!40100 DEFAULT CHARACTER SET utf8mb4 COLLATE utf8mb4_0900_ai_ci */ /*!80016 DEFAULT ENCRYPTION='N' */;

USE `db_study`;

--
-- Table structure for table `customer_mst`
--

DROP TABLE IF EXISTS `customer_mst`;
/*!40101 SET @saved_cs_client     = @@character_set_client */;
/*!50503 SET character_set_client = utf8mb4 */;
CREATE TABLE `customer_mst` (
  `customer_id` int NOT NULL,
  `customer_name` varchar(45) NOT NULL,
  `customer_address` varchar(45) NOT NULL,
  PRIMARY KEY (`customer_id`)
) ENGINE=InnoDB DEFAULT CHARSET=utf8mb4 COLLATE=utf8mb4_0900_ai_ci;
/*!40101 SET character_set_client = @saved_cs_client */;

--
-- Dumping data for table `customer_mst`
--

LOCK TABLES `customer_mst` WRITE;
/*!40000 ALTER TABLE `customer_mst` DISABLE KEYS */;
INSERT INTO `customer_mst` VALUES (1,'김준일','부산 동래구 사직동'),(2,'고병수','부산 부산진구 가야동'),(3,'손민재','부산 남구 대연동');
/*!40000 ALTER TABLE `customer_mst` ENABLE KEYS */;
UNLOCK TABLES;

--
-- Table structure for table `order`
--

DROP TABLE IF EXISTS `order`;
/*!40101 SET @saved_cs_client     = @@character_set_client */;
/*!50503 SET character_set_client = utf8mb4 */;
CREATE TABLE `order` (
  `순번` int NOT NULL,
  `주문번호` int DEFAULT NULL,
  `상품명` varchar(45) DEFAULT NULL,
  `가격` int DEFAULT NULL,
  `주문자명` varchar(45) DEFAULT NULL,
  `주문자주소` varchar(45) DEFAULT NULL,
  PRIMARY KEY (`순번`)
) ENGINE=InnoDB DEFAULT CHARSET=utf8mb4 COLLATE=utf8mb4_0900_ai_ci;
/*!40101 SET character_set_client = @saved_cs_client */;

--
-- Dumping data for table `order`
--

LOCK TABLES `order` WRITE;
/*!40000 ALTER TABLE `order` DISABLE KEYS */;
/*!40000 ALTER TABLE `order` ENABLE KEYS */;
UNLOCK TABLES;

--
-- Table structure for table `order_dtl`
--

DROP TABLE IF EXISTS `order_dtl`;
/*!40101 SET @saved_cs_client     = @@character_set_client */;
/*!50503 SET character_set_client = utf8mb4 */;
CREATE TABLE `order_dtl` (
  `order_dtl_id` int NOT NULL,
  `order_id` int NOT NULL,
  `product_id` int NOT NULL,
  PRIMARY KEY (`order_dtl_id`)
) ENGINE=InnoDB DEFAULT CHARSET=utf8mb4 COLLATE=utf8mb4_0900_ai_ci;
/*!40101 SET character_set_client = @saved_cs_client */;

--
-- Dumping data for table `order_dtl`
--

LOCK TABLES `order_dtl` WRITE;
/*!40000 ALTER TABLE `order_dtl` DISABLE KEYS */;
INSERT INTO `order_dtl` VALUES (1,1,1),(2,1,2),(3,1,1),(4,1,3);
/*!40000 ALTER TABLE `order_dtl` ENABLE KEYS */;
UNLOCK TABLES;

--
-- Table structure for table `order_mst`
--

DROP TABLE IF EXISTS `order_mst`;
/*!40101 SET @saved_cs_client     = @@character_set_client */;
/*!50503 SET character_set_client = utf8mb4 */;
CREATE TABLE `order_mst` (
  `order_id` int NOT NULL,
  `order_code` int NOT NULL,
  `customer_id` int NOT NULL,
  PRIMARY KEY (`order_id`)
) ENGINE=InnoDB DEFAULT CHARSET=utf8mb4 COLLATE=utf8mb4_0900_ai_ci;
/*!40101 SET character_set_client = @saved_cs_client */;

--
-- Dumping data for table `order_mst`
--

LOCK TABLES `order_mst` WRITE;
/*!40000 ALTER TABLE `order_mst` DISABLE KEYS */;
INSERT INTO `order_mst` VALUES (1,23011901,1),(2,23011902,2),(3,23011903,3),(4,23011904,4);
/*!40000 ALTER TABLE `order_mst` ENABLE KEYS */;
UNLOCK TABLES;

--
-- Table structure for table `product_mst`
--

DROP TABLE IF EXISTS `product_mst`;
/*!40101 SET @saved_cs_client     = @@character_set_client */;
/*!50503 SET character_set_client = utf8mb4 */;
CREATE TABLE `product_mst` (
  `procduct_id` int NOT NULL,
  `product_name` varchar(45) NOT NULL,
  `product_price` int NOT NULL,
  PRIMARY KEY (`procduct_id`)
) ENGINE=InnoDB DEFAULT CHARSET=utf8mb4 COLLATE=utf8mb4_0900_ai_ci;
/*!40101 SET character_set_client = @saved_cs_client */;

--
-- Dumping data for table `product_mst`
--

LOCK TABLES `product_mst` WRITE;
/*!40000 ALTER TABLE `product_mst` DISABLE KEYS */;
INSERT INTO `product_mst` VALUES (1,'아이폰13',1000000),(2,'아이폰14',1100000),(3,'아이폰15',1200000);
/*!40000 ALTER TABLE `product_mst` ENABLE KEYS */;
UNLOCK TABLES;

--
-- Dumping events for database 'db_study'
--

--
-- Current Database: `db_study3`
--

CREATE DATABASE /*!32312 IF NOT EXISTS*/ `db_study3` /*!40100 DEFAULT CHARACTER SET utf8mb4 COLLATE utf8mb4_0900_ai_ci */ /*!80016 DEFAULT ENCRYPTION='N' */;

USE `db_study3`;

--
-- Table structure for table `author_mst`
--

DROP TABLE IF EXISTS `author_mst`;
/*!40101 SET @saved_cs_client     = @@character_set_client */;
/*!50503 SET character_set_client = utf8mb4 */;
CREATE TABLE `author_mst` (
  `author_id` int NOT NULL AUTO_INCREMENT,
  `author_name` varchar(200) DEFAULT NULL,
  PRIMARY KEY (`author_id`)
) ENGINE=InnoDB AUTO_INCREMENT=1024 DEFAULT CHARSET=utf8mb4 COLLATE=utf8mb4_0900_ai_ci;
/*!40101 SET character_set_client = @saved_cs_client */;

--
-- Dumping data for table `author_mst`
--

LOCK TABLES `author_mst` WRITE;
/*!40000 ALTER TABLE `author_mst` DISABLE KEYS */;
INSERT INTO `author_mst` VALUES (1,'[동아일보사 편]'),(2,'[박문각] 시사상식편집부 편저'),(3,'[연합뉴스 편]'),(4,'[한국문헌정보학회 편]'),(5,'[嶺南專門大學 편]'),(6,'C.I.S. 저'),(7,'E. 프롬 지음 ; 권오석 옮김'),(8,'EBS 지식채널e 제작팀 글 ; 김잔디 그림'),(9,'EBS 지식채널e제작팀 지음'),(10,'EBS 지식채널ⓔ제작팀 지음 ; 카툰 스튜디오 엎어컷 그림'),(11,'EBS 지식채널ⓔ제작팀 지음 ; 카툰 스튜디오 엎어컷림'),(12,'HR 기획 지음 ; 강진호 그림'),(13,'IT교재연구팀 지음'),(14,'John Bowlby 지음 ; 김수임 ; 강예리 ; 강민철 [공]역'),(15,'L. A. 세네카 지음 ; 차전석 옮김'),(16,'Richard Blair 외저 ; 윈도우사용자그룹 역'),(17,'TBWA 주니어보드 지음'),(18,'YBM시사닷컴 MOS 교재 개발팀 저'),(19,'YM기획 엮음'),(20,'가야마 리카 지음 ; 전선영 옮김'),(21,'강만길 지음'),(22,'강성수 지음'),(23,'강신장 엮고씀'),(24,'강신주 [외] 지음'),(25,'강신주 지음'),(26,'강영계 외 지음'),(27,'강유원 지음'),(28,'강준만 지음'),(29,'건양대학교 웰다잉 융합연구회 ; 김광환, 김문준, 김용하, 박아르마, 송현동, 심문숙, 안상윤, 이무식, 이종형, 최문기, 황혜정, 김명숙, 송유림, 안유희, 이서희 지음'),(30,'고래가 그랬어 편집부 [편]'),(31,'고려대학교 문과대학 정보사회와 인문학편찬위원회 [저]'),(32,'고려대학교 문과대학『정보사회와 인문학』편찬위원회 편'),(33,'고병권 ; 구갑우, 김동춘, 김정남, 김효순, 백승욱, 박태균, 서중석, 최영묵, 홍윤기 지음'),(34,'고병권 지음  ; 정문주  ; 정지혜 [공]그림'),(35,'고영성 지음'),(36,'고쿠분 고이치로 지음 ; 최재혁 옮김'),(37,'고혜경 지음'),(38,'공병호 지음'),(39,'공자 지음  ; 김형찬 옮김'),(40,'공진수 지음'),(41,'곽은우 글 ; 조명원 그림'),(42,'구위안인 지음 ; 송은진 옮김'),(43,'국림대구박물관 편'),(44,'국립대구박물관 [편]'),(45,'권명환 지음'),(46,'권문수 지음'),(47,'권석만 지음'),(48,'권오경 글 ; 유대수 그림'),(49,'권오경 글 ; 진선규 그림'),(50,'권오영 지음'),(51,'권태문 글 ; 손재수 그림'),(52,'권택영 지음'),(53,'권희린 지음'),(54,'글: 전민희  ; 그림: 김경옥'),(55,'글·그림: 고민수'),(56,'글·그림: 주춘차이 ; 옮김: 김윤진'),(57,'금정연 ; 김중혁 [공]인터뷰 ; 신병곤 사진'),(58,'길벗 R&D 지음'),(59,'길벗알앤디 지음'),(60,'김경윤 지음  ; 최정규 그림'),(61,'김경일 지음'),(62,'김경자 ; 송선영 [공]지음'),(63,'김경집 지음'),(64,'김경집...[등]지음'),(65,'김규찬 [외]연구'),(66,'김규회 지음'),(67,'김기만,배준오 [공]지음'),(68,'김대식 지음'),(69,'김대현 글 ; 이인섭 그림'),(70,'김대현 글 ; 최정규 그림'),(71,'김덕균 지음'),(72,'김동주 지음'),(73,'김두식 편저'),(74,'김면수 글 ; 정상혁 그림'),(75,'김명호 지음'),(76,'김민영 지음'),(77,'김범준 지음'),(78,'김병완 지음'),(79,'김병일 지음'),(80,'김보광 지음'),(81,'김상운 지음'),(82,'김상현 글  ; 박선하 그림'),(83,'김석일 지음 ; 이향아,웰기획 공저'),(84,'김선희 지음'),(85,'김성민 외 지음'),(86,'김성범 [외]지음'),(87,'김세라 글  ; 김문선 그림'),(88,'김세라 글 ; 팽현준 그림'),(89,'김세중 지음'),(90,'김세중 편저'),(91,'김소연 글 ; 박진아 그림'),(92,'김수현 지음'),(93,'김승렬 글 ; 코믹팜 그림'),(94,'김승호 지음'),(95,'김양미 글 ; 이명애 그림'),(96,'김영수 역해'),(97,'김영아 지음'),(98,'김용규 지음'),(99,'김용대 지음'),(100,'김용석 지음'),(101,'김용옥 지음'),(102,'김원 지음'),(103,'김원중 지음'),(104,'김유리 지음'),(105,'김윤정 글씀 ; 우지현 그림'),(106,'김은주 지음'),(107,'김은하 글'),(108,'김인기 지음 ; 구연산 그림'),(109,'김인자 지음'),(110,'김재형,이시우 [공]지음'),(111,'김정현 지음'),(112,'김종배 지음'),(113,'김주원 원전엮음 ; 박세준 글·구성 ; 김강호 그림'),(114,'김중위 지음'),(115,'김지영 지음'),(116,'김지형 글  ; 이종희 그림'),(117,'김지형 글 ; 이동철 그림'),(118,'김지훈 , 박성용 , 김봉정 [공]지음'),(119,'김진아 지음'),(120,'김진애 지음'),(121,'김찬정 글 ; 이해정 그림'),(122,'김창룡 글 ; 아메바피쉬 그림'),(123,'김창룡 지음'),(124,'김창호 엮음'),(125,'김치경 지음'),(126,'김태균 지음'),(127,'김태완 글 ; 김인호 그림'),(128,'김태욱,한정진 [공]지음'),(129,'김태형 지음'),(130,'김필영 지음'),(131,'김향금 글  ; 홍선주 그림'),(132,'김헌 지음'),(133,'김헌,김월회 [공]지음'),(134,'김현 글 ; 조숙은 그림'),(135,'김현주 지음'),(136,'김현철 지음'),(137,'김형경 지음'),(138,'김혜경 글'),(139,'김혜남 지음'),(140,'나이절 워버턴 지음 ; 정미화 옮김'),(141,'나카노 아키라 지음 ; 손영석 옮김'),(142,'나카지마 요시미치 지음 ; 김희은 옮김'),(143,'남낙현 지음'),(144,'남미영 지음'),(145,'남상엽 [외]공저'),(146,'남승현 원전엮음 ; 정석호 글구성 ; 윤남선 그림'),(147,'남형두 지음'),(148,'내넷 가트렐 지음 ; 권영미 옮김'),(149,'노경실 지음'),(150,'노르베르트 엘리아스 지음 ; 김수정 옮김'),(151,'노지영 글 ; 권송이 그림'),(152,'녹색평론사 편'),(153,'니콜라스 A. 베르댜예프 지음 ; 이신 옮김'),(154,'니키 테이트 글 ; 대니 테이트-스트레튼 공저 ; 현혜진 옮김'),(155,'니키 테이트 지음 ; 현혜진 옮김'),(156,'닉 아놀드 글  ; 토니 드 솔스 그림  ; 이충호 옮김'),(157,'닉 아놀드 글 ; 토니 드 솔스 그림 ; 이충호 옮김'),(158,'닐 메타,아디티야 아가쉐,파스 디트로자 [공]지음 ; 김고명 옮김'),(159,'닐 피오레 지음 ; 김진희 옮김'),(160,'다구치 미키토 지음 ; 홍성민 옮김'),(161,'다니엘 첸 지음  ; 김영하 옮김'),(162,'다이애너 애실 지음 ; 노상미 옮김'),(163,'다치바나 다카시 지음 ; 이언숙 옮김'),(164,'다카무라 토모야 지음 ; 오근영 옮김'),(165,'단양우씨열락종중'),(166,'대구광역시 남구 [엮음]'),(167,'대구광역시 달성군'),(168,'대구광역시립도서관 편'),(169,'대구광역시립중앙도서관 편'),(170,'대구광영시립중앙도서관 [편]'),(171,'대구교육대학원'),(172,'대구매일신문사'),(173,'대구매일신문사 [편]'),(174,'대구직할시 중구 [편]'),(175,'대니얼 J. 레비틴 지음 ; 김성훈 옮김'),(176,'대니얼 J. 레비틴 지음 ; 박유진 옮김'),(177,'대니얼 스미스 지음 ; 석이우 옮김'),(178,'대니얼 카너먼 지음 ; 이진원 옮김'),(179,'대니얼 코일 지음윤미나이지민 [공]옮김'),(180,'대통령 소속 도서관정보정책위원회 [편]'),(181,'댄 주래프스키 지음 ; 김병화 옮김'),(182,'데이비드 니븐 지음 ; 전미영 옮김'),(183,'데이비드 번스 지음 ; 차익종, 이미옥 [공]옮김'),(184,'데이비드 빈센트 지음 ; 공경희 옮김'),(185,'데이비드 엡스타인 지음 ; 이한음 옮김'),(186,'데이비드 호킨스 지음 ; 이종수 옮김'),(187,'데틀레프 블룸 지음  ; 정일주 옮김'),(188,'동아일보사'),(189,'동아일보사 [편]'),(190,'동아일보사[편]'),(191,'드니 르보...[외] 지음 ; 김도연 옮김'),(192,'디비딕 닷컴 네티즌 엮음 ; 정훈이 그림'),(193,'디오도어 루빈 지음 ; 안정효 옮김'),(194,'디팩 초프라 지음 ; 정경란 옮김'),(195,'떴한현주 글 ; 김중석 그림'),(196,'라라 E. 필딩 지음이지민 옮김'),(197,'라이언 홀리데이,스티븐 핸슬먼 [공]지음 ; 장원철 옮김'),(198,'라이프 엑스퍼트 엮음 ; 전경아 옮김'),(199,'랜디 저커버그 지음  ; 구본권 옮김'),(200,'랜디 타란 지음  ; 강이수 옮김'),(201,'러셀 폴드랙 지음 ; 신솔잎 옮김'),(202,'레몬심리 지음 ; 박영란 옮김'),(203,'레이 커즈와일 [지음]  ; 김명남 , 장시형 [공]옮김'),(204,'레이철 시먼스 지음 ; 정연희 옮김'),(205,'레이첼 시먼스 지음 ; 강나은 옮김'),(206,'레진 드탕벨 지음 ; 문혜영 옮김'),(207,'렉스기획팀 지음'),(208,'로르 몽루부 글·그림 ; 박정연 옮김'),(209,'로버트 루트번스타인 ; 미셸 루트번스타인 지음 ; 박종성 옮김'),(210,'로버트 루트번스타인 ; 정여울 ; 정관용 ; 표창원 ; 김정후 ; 서민 ; 이진우 [공]지음'),(211,'롤란트 슐츠 지음  ; 노선정 옮김'),(212,'롤프 도벨리 지음 ; 비르기트 랑 그림 ; 두행숙 옮김'),(213,'롭 이스터웨이 지음  ; 조가은 옮김'),(214,'루스 윌슨 지음  ; 전국사회교사모임 옮김'),(215,'루키우스 안나이우스 세네카 지음 ; 정윤희 편'),(216,'뤽 페리 지음 ; 이세진 옮김'),(217,'류반디 ... [등] 집필'),(218,'류샹핑 지음 ; 허유영 옮김'),(219,'류성화.[등]지음 ; 김대원 엮음'),(220,'류정선 ; 강성준 [같이]지음'),(221,'류진이 지음'),(222,'리처드 니스벳 지음 ; 최인철 옮김'),(223,'린위탕 지음 ; 김병철 옮김'),(224,'마르쿠스 아우렐리우스 지음 ; 천병희 옮김'),(225,'마르틴 라퐁 ; 오르탕스 드 샤바네 [같이]지음 ; 자크 아잠 그림 ; 박창호 옮김'),(226,'마리오 지오다노 지음 ; 임유진 옮김'),(227,'마빈 민스키 지음 ; 조광제 옮김'),(228,'마사 누스바움 지음 ; 임현경 옮김'),(229,'마산시 [엮음]'),(230,'마쓰오 유타카 지음 ; 박기원 옮김'),(231,'마이클 미칼코 지음  ; 박종안 옮김'),(232,'마이클 코벌리스 지음'),(233,'마이클 토마셀로 지음 ; 이정원 옮김'),(234,'마커스 윅스 지음 ; 임소연 옮김'),(235,'마크 앨런 스태머티 글.그림 ; 강은슬 옮김'),(236,'마틴 폴 이브 지음  ; 최원희 옮김'),(237,'매일신문사'),(238,'매일신문사 편저'),(239,'맥스 테크마크 지음 ; 백우진 옮김'),(240,'맹자 원저  ; 이양호 지음  ; 박설리 그림'),(241,'맹자 지음  ; 박경환 옮김'),(242,'머리 스타인 지음 ; 김창한 옮김'),(243,'메리-엘렌 윌콕스 글 ; 현혜진 옮김'),(244,'무각 지음'),(245,'무한 지음'),(246,'문성준 글 ; 하얀가루 그림'),(247,'문유석 지음'),(248,'문지애 지음'),(249,'문학의숲 편집부 엮음'),(250,'문화체육관광부 편'),(251,'문화체육부 [편]'),(252,'미셸 멀더 글 ; 현혜진 옮김'),(253,'미셸 푸코 ; 와타나베 모리아키 [공]지음 ; 오석철 옮김'),(254,'미하엘 빈터호프 지음 ; 송소민 옮김'),(255,'미하엘 아이히함머 지음  ; 윤진희 옮김'),(256,'미하이 칙센트미하이 지음 ; 최인수 옮김'),(257,'민지영 ; 문수민  ; 이상호  ; 앤미디어 지음'),(258,'바스 카스트 지음 ; 정인회 옮김'),(259,'바트 ; 장재용 공저'),(260,'박경덕 지음'),(261,'박교영 글 ; 이동철 그림'),(262,'박규상 지음'),(263,'박동석 글 ; 송은경 그림'),(264,'박민관 글 ; 이진아 그림'),(265,'박민근 지음'),(266,'박민영 지음'),(267,'박성만 지음'),(268,'박성우 글  ; 애슝 그림'),(269,'박성후 지음'),(270,'박세준 글 ; 문석배 그림'),(271,'박세준 글 ; 박종성 그림'),(272,'박세준 글 ; 송회석 그림'),(273,'박세준 글 ; 윤남선 그림'),(274,'박세준 글 ; 한종천 그림'),(275,'박승억 지음'),(276,'박연숙 지음'),(277,'박영욱 지음'),(278,'박완서 강연'),(279,'박웅현 ; 진중권 ; 고미숙 ; 장대익 ; 장하성 ; 데니스 홍 ; 조한혜정 ; 이명현 ; 안병옥 [공]지음'),(280,'박웅현 지음'),(281,'박윤정, 영진정보연구소 [공]지음'),(282,'박은몽 지음'),(283,'박은정 글 ; 이소 그림'),(284,'박일봉 편저'),(285,'박정아 , 박효근 , 윤이사라 지음'),(286,'박진영 지음'),(287,'박철호 글 ; 이대종 그림'),(288,'박현수 저'),(289,'배리 슈워츠 지음 ; 김고명 옮김'),(290,'배성호 엮음 ; 요시다 히로하루 엮음 ; 한국·일본 어린이 76명 글·그림 ; 노경아 옮김'),(291,'배준오 지음'),(292,'백성현 글  ; 황미선 그림 ; 김정하 감수'),(293,'백창화 ; 김병록 [같이] 지음'),(294,'백화현 지음'),(295,'버나드 바이트만 지음 ; 김정은 옮김'),(296,'베네딕투스 데 스피노자 지음 ; 김은주 옮김'),(297,'베르나르 베르베르 지음 ; 이세욱 옮김 ; 기욤 아르토 그림'),(298,'베티나 슈티켈 글 ; 나누리 옮김'),(299,'벼룩시장 [편]'),(300,'변광배 지음'),(301,'보물닷컴 지음.'),(302,'봄봄 스토리 글  ; 박선영 그림'),(303,'봄봄 스토리 글  ; 이정태 그림'),(304,'봄봄 스토리 글  ; 장호찬 그림'),(305,'봄봄 스토리 글  ; 최병익 그림'),(306,'봄봄 스토리 글  ; 최우빈 그림'),(307,'봄봄 스토리 글 ; 김덕영 그림'),(308,'봄봄 스토리 글 ; 유영승 그림'),(309,'봄봄 스토리 글 ; 최병익 그림'),(310,'북노마드 편집부 엮음'),(311,'브라이언 W. 커니핸 지음 ; 하성창 옮김'),(312,'브라이언 크리스천 ; 톰 그리피스 [공]지음 ; 이한음 옮김'),(313,'비벌리 엔젤 지음  ; 김윤 ; 김선영 옮김'),(314,'비카스 샤 지음  ;  임경은 옮김'),(315,'빈스 에버르트 지음 ; 조경수 옮김'),(316,'빌헬름 슈미트 지음  ; 장영태 옮김'),(317,'사사키 다케시 외 지음 ; 윤철규 옮김'),(318,'사이토 다카시 지음 ; 김효진 옮김'),(319,'삼성과학학습만화'),(320,'삼성과학학습만화 ; 김영호,임해봉'),(321,'삼성과학학습만화 ; 김은량글,김종식 만화'),(322,'삼성과학학습만화 ; 노주영글,류수형 그림'),(323,'삼성과학학습만화 ; 박종호 만화,신광복글'),(324,'삼성과학학습만화 ; 이시혁 만화,이재진글'),(325,'삼성과학학습만화 ; 정기영,정현희'),(326,'삼성과학학습만화글,그림;이혜영,이세경'),(327,'삼성출판사 [편]'),(328,'삼일사 [편]'),(329,'새마을문고운동 40년사 편찬위원회'),(330,'서기남 글 ; 박수로 그림'),(331,'서기남 글 ; 신명환 그림'),(332,'서울言論人클럽 編'),(333,'서은국 지음'),(334,'서인영 글 ; 이유나 그림'),(335,'선양미 지음'),(336,'세라 메이틀런드 지음 ; 홍선영 옮김'),(337,'세르주 치코티 ; 니콜라 게갱 지음 ; 이소영 옮김 ; 임윤옥 그림'),(338,'셸리 케이건 지음 ; 박세연 옮김'),(339,'손기화 글 ; 김강섭 그림'),(340,'손기화 글 ; 남기영 그림'),(341,'손기화 글 ; 주경훈 그림'),(342,'손석춘 글'),(343,'손석춘 지음'),(344,'손석희 지음'),(345,'손영운 글 ; 이규환 그림'),(346,'손영운 글 ; 최정규 그림'),(347,'손영운 글 ; 팽현준 그림'),(348,'쇤하머 라이너 지음'),(349,'수전 케인 ; 그레고리 몬 ; 에리카 모로즈 지음 ; 정미나 옮김'),(350,'수전 케인 지음 ; 김우열 옮김'),(351,'슈테판 클라인 지음 ; 유영미 옮김'),(352,'슐로모 브레즈니츠 ; 콜린스 헤밍웨이 [공]지음 ; 정홍섭 옮김'),(353,'스리니 필레이 지음 ; 안기순 옮김'),(354,'스베냐 플라스푈러 지음 ; 장혜경 옮김'),(355,'스콧 켈비 지음  ; 홍성희 옮김'),(356,'스콧 할츠만 ; 테레사 포이 디제로니모 지음 ; 정영은 옮김'),(357,'스티브 머리 ; 매튜 머리 지음 ; 윤소영 옮김'),(358,'스티븐 기즈 지음 ; 구세희 옮김 ; 김성연 일러스트'),(359,'스티븐 랜즈버그 지음  ; 김세진 옮김'),(360,'스티븐 로 지음 ; 오숙은 옮김'),(361,'스티븐 로 지음 ; 윤경미 옮김'),(362,'스티븐 로 지음 ; 하상용 옮김 ; 김태권 삽화'),(363,'스티븐 트롬블리 지음 ; 김영범 옮김'),(364,'스티븐 핑커 지음 ; 김한영 옮김'),(365,'시도연구원협의회 편'),(366,'시라토리 하루히코 지음 ; 김해용 옮김'),(367,'시마자키 칸 지음 ; 전선영 옮김 ; SUBSUB 그림'),(368,'신기주 인터뷰'),(369,'신승희 글  ; 김별 그림'),(370,'신영복 지음'),(371,'신은파 저'),(372,'신은파 지음'),(373,'신정근 지음'),(374,'신창호 지음'),(375,'심옥숙 글 ; 배광선 그림'),(376,'아르만데 게르버 글·그림 ; 유혜자 옮김'),(377,'아서 클라인만 지음 ; 이정민 옮김'),(378,'아이세움 편집부 지음  ; 한정원 옮김'),(379,'아카바 유지 지음 ; 이영미 옮김'),(380,'아툴 가완디 지음 ; 김희정 옮김'),(381,'안광복 지음'),(382,'안귀정 지음'),(383,'안드레아 록 지음 ; 윤상운 옮김'),(384,'알레산드로 마르초 마뇨 지음 ; 김정하 옮김'),(385,'알렉산드라 호로비츠 지음 ; 박다솜 옮김'),(386,'알렉상드라 파스테리스 지음 ; 레미 사아야르 [외] 그림 ; 이희정 옮김'),(387,'알렉상드르 졸리앵 지음 ; 임희근 옮김'),(388,'알리 알모사위 지음 ; 정주연 옮김'),(389,'애덤 그랜트 지음이경식 옮김'),(390,'앤드루 산텔라 지음 ; 김하현 옮김'),(391,'앤드류 뉴버그 ; 마크 월드먼 [공]지음 ; 진우기 옮김'),(392,'앨런 피즈 ; 바바라 피즈 [공]지음 ; 황혜숙 옮김'),(393,'야마구치 슈 지음 ; 김윤경 옮김'),(394,'양승권 지음'),(395,'양운덕 지음  ; 김태중 그림'),(396,'양태석 지음  ; 이규철 편집'),(397,'어수웅 지음'),(398,'에노모토 히로아키 지음  ; 정지영 옮김'),(399,'에란 카츠 지음 ; 박미영 옮김'),(400,'에리히 프롬 지음 ; 라이너 풍크 엮음 ; 장혜경 옮김'),(401,'에릭 와이너 지음  ; 김하연 옮김'),(402,'에마 루이스 글·그림  ; 조혜진 옮김'),(403,'에이미 커디 지음 ; 이경식 옮김'),(404,'엘렌 랭어 지음 ; 변용란 옮김'),(405,'엘렌 모렐-앵다르 지음 ; 이효숙 옮김'),(406,'여불위 지음 ; 김근 옮김'),(407,'연합뉴스 [편]'),(408,'연합뉴스 편'),(409,'연합통신 [편]'),(410,'연합통신 編'),(411,'열자 ; 한비자 ; 장자 [외] 지음 ; 정철 편역'),(412,'염기웅 지음'),(413,'오강남 풀이'),(414,'오경순 지음'),(415,'오쇼 강의  ; 박형진 옮김'),(416,'오쇼 라즈니쉬 지음 ; 손민규 옮김'),(417,'오승현 글  ; 방상호 그림'),(418,'오제키 마사유키 지음  ; 심효섭 옮김'),(419,'오츠 슈이치 지음 ; 황소연 옮김'),(420,'오카다 다카시 지음  ; 홍성민 옮김'),(421,'오히라 노부타카 지음 ; 이정환 옮김'),(422,'올리비에 미뇽 글 ; 오렐리 르누아르 그림 ; 이효숙 옮김'),(423,'왕이쟈 지음 ; 심규호 옮김'),(424,'왕잉 지음 ; 오혜원 옮김'),(425,'우미아 글  ; 이고은 그림'),(426,'움베르트 에코 ; 장클로드 카리에르 [공]대담 ; 장필리프 드 토낙 사회 ; 임호경 옮김'),(427,'월간조선 [편]'),(428,'월러드 밴 오먼 콰인 지음 ; 성소희 옮김'),(429,'웨스 니스커 [지음] ; 신윤경 옮김'),(430,'웬디 우드 지음 ; 김윤재 옮김'),(431,'위 소사이어티 지음'),(432,'위르겐 쉐퍼 지음 ; 배진아 옮김'),(433,'유범희 지음'),(434,'유영만 지음'),(435,'유우키 유우 감수 ; 스기야마 에미코 만화 ;  홍성민 옮김'),(436,'유우키 유우 감수 ; 스기야마 에미코 만화 ; 우다혜 옮김'),(437,'유은정 지음'),(438,'유재은 지음'),(439,'유진 지음'),(440,'윤민정 글  ; 김용회 그림'),(441,'윤상석 글 ; 김강호 그림'),(442,'윤성훈, 정동진, 최주호 지음'),(443,'윤소정 지음'),(444,'윤슬 지음'),(445,'윤영진,표동진,황재진 [공]지음'),(446,'윤우상 지음'),(447,'윤원근 글 ; 김혜은 그림'),(448,'윤원근 글 ; 조진옥 그림'),(449,'윤원근 글 ; 최우빈 그림'),(450,'윤은정 글·그림'),(451,'윤이사라,김신애 [공]지음'),(452,'윤지근 글 ; 청강만화스튜디오 그림'),(453,'윤홍균 지음'),(454,'이강수 지음'),(455,'이경덕 지음'),(456,'이광형 지음'),(457,'이근후 지음'),(458,'이금희 글 ; 송향란 그림'),(459,'이나미 지음'),(460,'이노하라 사이 글 ; 이지청 그림 ; 임명현 옮김'),(461,'이동규 지음'),(462,'이동진 지음'),(463,'이동희 역주'),(464,'이동희 지음'),(465,'이루리 지음'),(466,'이미도 지음'),(467,'이보영 지음'),(468,'이브 엔슬러 지음 ; 유숙열 옮김'),(469,'이성웅 지음'),(470,'이소윤 ; 이진주 지음'),(471,'이수석 글 ; 진선규 그림'),(472,'이승욱 지음'),(473,'이승환 지음'),(474,'이시바시 다케후미 지음 ; 정영희 옮김'),(475,'이시형 글 ; 이영미 그림'),(476,'이어령 ; 정형모 [공]지음'),(477,'이어령 지음'),(478,'이언 그레이엄 글 ; 이충호 옮김'),(479,'이용 지음 ; 김수호 [공]지음'),(480,'이용석 글 ; 이주희 그림'),(481,'이용학 지음'),(482,'이용훈 ... [등] 지음'),(483,'이우성 지음'),(484,'이우재 역주'),(485,'이윤 지음'),(486,'이윤재 지음'),(487,'이윤정 ; 최진모 ; 이준규 ; 오승주 ; 윤이나 ; 이은주 ; 방은영 [공]지음'),(488,'이은봉 편저'),(489,'이인 지음'),(490,'이인식 원작  ; 지호진 글  ; 최승협 그림'),(491,'이임복 지음'),(492,'이재은 지음'),(493,'이종강  ; 이기훈, 서민호 지음'),(494,'이종서 ; 박창희 [공]저'),(495,'이종호 著'),(496,'이준범 글 ; 이항선 그림'),(497,'이준형 ; 지일주 [같이]지음 ; 인문학 유치원 해설'),(498,'이중텐 지음 ; 심규호 옮김'),(499,'이지성 ; 스트로베리 공저'),(500,'이지성 ; 정회일 [공]지음'),(501,'이지성 지음'),(502,'이지연 지음'),(503,'이지유 지음'),(504,'이지은이: EBS〈지식채널ⓔ> 제작팀'),(505,'이지현 글 ; 이우영 그림'),(506,'이지현 지음'),(507,'이지훈 지음'),(508,'이진경 지음'),(509,'이창후 지음'),(510,'이충헌 지음'),(511,'이치억 지음'),(512,'이케가야 유지 지음 ; 서수지 옮김'),(513,'이케다 아키코 지음 ; 김경옥 옮김 ; 임은정 그림'),(514,'이태원 저'),(515,'이한우 지음'),(516,'이현성 지음'),(517,'이현성 편저자'),(518,'이황 지음 ;  윤사순 역주'),(519,'이황, 기대승 [공]지음 ; 임헌규 옮김'),(520,'이희정 지음'),(521,'인나미 아쓰시 지음  ; 장은주 옮김'),(522,'인문사회과학출판인협의회'),(523,'일레인 N. 아론 지음 ; 노혜숙 옮김'),(524,'임동훈 지음'),(525,'임명현 지음'),(526,'임선희 글 ; 최복기 그림'),(527,'임성미 지음'),(528,'임정섭 지음'),(529,'잉그리트 옌켈 ; 안겔라 보스 [같이]지음 ; 박강 옮김'),(530,'자야 지음'),(531,'장 자크 루소 지음 ; 조명애 옮김'),(532,'장서영 지음'),(533,'장석주 지음'),(534,'장용준 지음'),(535,'재키 거스리 지음 ; 김은령 옮김'),(536,'전근완 글  ; 김강섭 그림'),(537,'전미진 ; 이화진 ; 신면철 [공]지음'),(538,'전미진 지음'),(539,'전미진, 이화진, 신면철 지음'),(540,'전미진,이화진,신면철 [공]지음'),(541,'전시진 , 이해봄 [공]지음'),(542,'전우영 지음'),(543,'전재성 글 ; 마정원 그림'),(544,'전재운 글 ; 박종성 그림'),(545,'전재운 글 ; 이종원 그림'),(546,'전판교 글 ; 최우빈 그림'),(547,'정명숙 글 ; 박혜진 그림'),(548,'정미라 ; 김기성 ; 김현 ; 김현구 ; 류근성 ; 박해용 ; 이경배 ; 이향준 ; 조우진 지음'),(549,'정민 지음'),(550,'정부간행물제작소 編'),(551,'정상근 지음'),(552,'정연 글 ; 진선규 그림'),(553,'정일화  ; 손인환 지음'),(554,'정창훈 글 ; 유희석 그림'),(555,'정철상 글'),(556,'정필모 지음'),(557,'정혜신 ; 이명신 [공]글 ; 전용성 그림'),(558,'정혜신 지음'),(559,'제14회부산아시아경기대회조직위원회 [편]저'),(560,'제럴드 베네딕트 지음 ; 박수철, 정혜정 [공]옮김'),(561,'제레드 쿠니 호바스 지음 ; 김나연 옮김'),(562,'제롬 케이건 지음 ; 김성훈 옮김'),(563,'제임스 홀리스 지음 ; 정명진 옮김'),(564,'제임스 힐먼 지음  ; 주민아 옮김'),(565,'조 내버로 ; 마빈 칼린스 [공]지음 ; 박정길 옮김'),(566,'조달청 [편]'),(567,'조르조 아감벤 지음 ; 윤병언 옮김'),(568,'조셉 M. 마셜 지음 ; 유향란 옮김'),(569,'조영경 글 ; 홍나영 그림'),(570,'조영선 ; 글 ; 이영호 ; 그림'),(571,'조영선 글 ; 그림수레 그림'),(572,'조영선 글 ; 송회석 그림'),(573,'조영선 글 ; 이영호 그림'),(574,'조영선 지음 ; 이영호 그림'),(575,'조윤제 지음'),(576,'조윤호 지음'),(577,'조이여울 지음'),(578,'조정현 지음'),(579,'조현설 지음'),(580,'조현숙 외 9명 글 ; 최진용 그림'),(581,'존 윌슨 지음 ; 윤희원 옮김'),(582,'좋은생각사람들 [편]'),(583,'주대환 글'),(584,'주현성 지음'),(585,'주희 엮음  ; 김미영 옮김'),(586,'주희, 유청지 [공]엮음 ; 윤호창 옮김'),(587,'줄리언 바지니 지음 ; 강혜정 옮김'),(588,'줄리언 바지니 지음 ; 박현주 옮김'),(589,'줄리언 바지니 지음 ; 오수원 옮김'),(590,'줄리언 바지니 지음 ; 정지인 옮김'),(591,'지승호 지음'),(592,'지은이 : 강영안  ; 김상근, 김애령, 김종성, 윤영호, 정재현, 최재천, 황농문'),(593,'지은이 : 이상'),(594,'지은이 : 조윤제'),(595,'진중권 지음'),(596,'질리 헌트 글 ; 이현정 옮김'),(597,'찰스 두히그 지음  ; 강주헌 옮김'),(598,'채사장 지음'),(599,'천자잉 지음 ; 박주은 옮김'),(600,'최경석 글 ; 이진아 그림'),(601,'최병국 지음'),(602,'최병철 지음'),(603,'최성희 글 ; 손영목 그림'),(604,'최승필 지음'),(605,'최영묵 지음'),(606,'최영민 지음'),(607,'최원석 지음'),(608,'최원영 지음'),(609,'최원호 지음'),(610,'최인근,정신선 [공]지음'),(611,'최인철 지음'),(612,'최재천 지음 ; 장미영 본문일러스트'),(613,'최준선 지음'),(614,'최준영  ; 최원우 지음'),(615,'최진기 ; 서선연 [공]지음'),(616,'최진석 지음'),(617,'최현석 글 ; 이상윤 그림'),(618,'최현석 글 ; 조명원 그림'),(619,'최효찬 지음'),(620,'최훈 지음'),(621,'최훈동 글 ; 이남고 그림'),(622,'추적 엮음  ; 백선혜 옮김'),(623,'카를로 스트렝거 지음  ; 최진우 옮김'),(624,'카바사와 시온 지음 ; 은영미 옮김'),(625,'캐런 할러 지음 ; 안진이 옮김'),(626,'캐럴라인 브레이지어 지음 ; 유자화 옮김'),(627,'캐시.A.제일러/ ; 최이정 옯김'),(628,'케빈 리먼 지음  ; 이재경 옮김'),(629,'케빈 호슬리 지음 ; 김지원 옮김'),(630,'켄 윌버 지음 ; 조옥경 ; 윤상일 [공]옮김'),(631,'코이케 류노스케 지음  ; 유윤한 옮김'),(632,'코이케 류노스케 지음 ; 양영철 옮김'),(633,'코인 :코딩하는 사람들 지음'),(634,'콜린 힌슨 ; 김종덕 [공]지음 ; 전국사회교사모임 옮김'),(635,'크리스 시먼즈 지음  ;  김기주,  김병국,  송지연 옮김'),(636,'크리스 코트먼, 해롤드 시니츠키, 로리-앤 오코너 [공]지음 ; 곽성혜 옮김'),(637,'크리스텔 프티콜랭 지음 ; 이세진 옮김'),(638,'크리스토퍼 차브리스 ; 대니얼 사이먼스 [공]지음 ; 김명철 옮김'),(639,'크리스티나 뮌크 지음 ; 박규호 옮김'),(640,'크리스티아네 슈탱거 지음 ; 이유림 옮김'),(641,'킴벌리 베네스 글 ; 김아림 옮김'),(642,'테리 디어리 지음 ; 마틴 브라운 그림 ; 오숙은 옮김'),(643,'토니 부잔 지음  ; 서현정 옮김'),(644,'토머스 W. 호지킨슨 ; 휴버트 반 덴 베르그 [공] 지음 ; 박홍경 옮김'),(645,'토머스 캐스카트 ; 대니얼 클라인 [공]지음 ; 김우열 옮김'),(646,'토어스텐 파프로트니 지음 ; 조희진 옮김'),(647,'톰 새디악 지음 ; 추미란 옮김'),(648,'티나 실리그 지음 ; 김효원 옮김'),(649,'티모시 윌슨 지음 ; 강유리 옮김'),(650,'팡차오후이 지음 ; 박찬철 옮김'),(651,'페리 레아 지음  ;  구동언,  박지연 옮김'),(652,'페터 비에리 지음 ; 문항심 옮김'),(653,'폴 R. 쉴리 지음 ; 박연선 옮김'),(654,'폴 도브란스키 ; L. A. 스탬포드 [공]글 ; 나선숙 옮김'),(655,'폴 에크먼 지음 ; 이민주 옮김'),(656,'프랑크 마르텔라 지음 ; 성원 옮김'),(657,'프뢰벨 편집부 지음'),(658,'프리드리히 니체 원저 ; 이수영 지음'),(659,'플라톤 지음 ; 최명관 옮김'),(660,'플랜투비 지음'),(661,'피터 버거 ; 안톤 지더벨트 [공]지음 ; 함규진 옮김'),(662,'피터 싱어 지음  ; 노승영 옮김'),(663,'피트 무어 글 ; 김좌준 옮김'),(664,'필립 짐바르도 ; 존 보이드 [공]지음 ; 오정아 옮김'),(665,'하버드철학리뷰 편집부 엮음  ; 강유원 ; 최봉실 옮김'),(666,'하지원 지음'),(667,'하지현 지음'),(668,'하타케야마 소 지음  ; 이와모토 다쓰로 그림  ; 김경원 옮김'),(669,'학원출판공사 [편]'),(670,'한국민족문화대백과사전 편찬부 편'),(671,'한국브리태니커회사 [편]'),(672,'한국사진기자회 編'),(673,'한국전산원 [편]'),(674,'한국지역발전연구재단 저'),(675,'한국편집기자협의회'),(676,'한국편집기자협회 편'),(677,'한국편집기자협회 편저'),(678,'한국편집보도기자클럽 편'),(679,'한근태 지음'),(680,'한나 아렌트 지음 ; 이진우 옮김'),(681,'한날 글·그림'),(682,'한동엽 집필'),(683,'한선관 ; 김도용 [공]글 ; 강마루 만화'),(684,'한성희 지음손은경 일러스트'),(685,'한세희 글 ; 박선하 그림'),(686,'한스 게오르크 가다머 지음 ; 박남희 옮김'),(687,'한은숙 지음'),(688,'한조 지음'),(689,'한지영 글 ; 이진영 그림'),(690,'한형만 지음'),(691,'함돈균 지음'),(692,'함돈균 지음 ; 마이자 그림'),(693,'행정안전부 저'),(694,'행정안전부,한국인터넷진흥원 [공]지음'),(695,'행정안전부,한국정보화진흥원 [공]지음'),(696,'허경대 글  ; 이주한 그림'),(697,'허경대 글 ; 정민희 그림'),(698,'허유선 지음'),(699,'허지원 지음'),(700,'허태균 지음'),(701,'허팝, 강전희, 안정기 [공] 지음'),(702,'홍대선 글 ; 남궁선하 그림'),(703,'홍성묵 지음'),(704,'홍성자 글 ; 김광옥 그림'),(705,'홍성자 글 ; 이주한 그림'),(706,'홍자성 지음  ; 김성중 옮김'),(707,'홍장표 지음'),(708,'홍태성 ; 영진정보연구소 공저'),(709,'환관 지음 ; 임덕화 편역'),(710,'황농문 지음'),(711,'황상규 지음'),(712,'황순희 글 ; 박선하 그림'),(713,'황연희 글 ; 우지현 그림'),(714,'황윤 글 ; 손광산 그림'),(715,'황진규 [공] 지음'),(716,'황치성 지음'),(717,'후지하라 가즈히로 지음 ; 고정아 옮김'),(718,'후쿠하라 마사히로 지음 ; 임해성 옮김'),(719,'휴버트 드레이퍼스 ; 숀 켈리 지음 ; 김동규 옮김'),(720,'희망철학연구소 지음'),(721,'中央日報社 [편]'),(722,'大邱工業專門大學 論文集編輯委員會 編'),(723,'大邱廣域市敎育廳 大邱社會敎育館 編輯'),(724,'大邱直轄市 [編]'),(725,'大邱直轄市 편'),(726,'大邱直轄市 北區 編'),(727,'大邱直轄市 編'),(728,'大邱直轄市立中央圖書館 [편]'),(729,'張塏忠 편역'),(730,'房錫炫 編著'),(731,'東亞日報社 [편]'),(732,'東亞日報社 編輯部 編'),(733,'東亞日報社 著'),(734,'每日新聞社 [편]'),(735,'老子 원전 ; 오강남 풀이'),(736,'聯合通信 편'),(737,'聯合通信 編'),(738,'聯合通信編輯部 [編]'),(739,'行政自治部 政府記錄保存所[編]'),(740,'許洪九 編著'),(741,'金有情 지음'),(742,'韓國編輯記者會 編著');
/*!40000 ALTER TABLE `author_mst` ENABLE KEYS */;
UNLOCK TABLES;

--
-- Table structure for table `library_mst`
--

DROP TABLE IF EXISTS `library_mst`;
/*!40101 SET @saved_cs_client     = @@character_set_client */;
/*!50503 SET character_set_client = utf8mb4 */;
CREATE TABLE `library_mst` (
  `순번` int NOT NULL AUTO_INCREMENT,
  `도서관명` varchar(200) DEFAULT NULL,
  `구분` varchar(45) DEFAULT NULL,
  `도서명` varchar(200) DEFAULT NULL,
  `저작자` varchar(200) DEFAULT NULL,
  `출판사` varchar(200) DEFAULT NULL,
  `발행연도` varchar(200) DEFAULT NULL,
  `청구기호` varchar(200) DEFAULT NULL,
  PRIMARY KEY (`순번`)
) ENGINE=InnoDB AUTO_INCREMENT=6534 DEFAULT CHARSET=utf8mb4 COLLATE=utf8mb4_0900_ai_ci;
/*!40101 SET character_set_client = @saved_cs_client */;

--
-- Dumping data for table `library_mst`
--

LOCK TABLES `library_mst` WRITE;
/*!40000 ALTER TABLE `library_mst` DISABLE KEYS */;
INSERT INTO `library_mst` VALUES (1,'행정정보문고센터','000(총류)','한국인명사전','408','238','2008','59.11'),(2,'행정정보문고센터','000(총류)','자료집','408','238','2008','59.11'),(3,'행정정보문고센터','000(총류)','연합연감.2002','408','238','2008','59.11'),(4,'행정정보문고센터','000(총류)','국립대구박물관 연감(2004.2005)','43','40','2008','69.059'),(5,'행정정보문고센터','000(총류)','(특집)보도하이라이트','678','395','2008','70.423'),(6,'행정정보문고센터','000(총류)','초짜들을 위한 짧고 쉬운 지식의 역사 : 우주의 탄생부터 포스트모더니즘까지 세계사를 바꾼 150가지 아이디어','177','318','2018','001.09-스38ㅊ'),(7,'행정정보문고센터','000(총류)','(강만길의) 내 인생의 역사 공부','21','326','2017','001.3-강32ㄴ'),(8,'행정정보문고센터','000(총류)','고전 결박을 풀다 : 누구나 알지만 아무도 끝까지 읽지 않은 책','23','123','2017','001.3-강58ㄱ'),(9,'행정정보문고센터','000(총류)','나는 누구인가','24','5','2014','001.3-강58ㄴ'),(10,'행정정보문고센터','000(총류)','한 공기의 사랑, 아낌의 인문학','25','9','2020','001.3-강58ㅎ'),(11,'행정정보문고센터','000(총류)','생각의 속임수 : 인공지능이 따라하지 못할 인문학적 뇌','52','46','2018','001.3-권883ㅅ'),(12,'행정정보문고센터','000(총류)','거북이는 왜 달리기 경주를 했을까 : 청소년, 인문학에 질문을 던지다','64','52','2012','001.3-김14ㄱ'),(13,'행정정보문고센터','000(총류)','엄마 인문학 : 공부하는 엄마가 세상을 바꾼다 : 엄마가 시작하는 인문학 혁명','63','52','2015','001.3-김14ㅇ'),(14,'행정정보문고센터','000(총류)','김대식의 빅퀘스천 : 우리 시대의 31가지 위대한 질문','68','98','2014','001.3-김23ㄱ'),(15,'행정정보문고센터','000(총류)','인문학 길 위를 걷다 : 자연과학자가 발품으로 쓴 역사문화 탐방기','125','25','2015','001.3-김86ㅇ'),(16,'행정정보문고센터','000(총류)','무엇이 좋은 삶인가 : 동서양 고전에서 찾아 가는 단단한 삶','133','139','2020','001.3-김94ㅁ'),(17,'행정정보문고센터','000(총류)','인문학의 뿌리를 읽다','132','281','2016','001.3-김94ㅇ'),(18,'행정정보문고센터','000(총류)','질문의 시간 : 40일을 그와 함께','132','155','2021','001.3-김94ㅈ'),(19,'행정정보문고센터','000(총류)','상실의 시대 : 그랜드 마스터 클래스 | 빅 퀘스천 : 지금 우리에게 필요한 것에 대한 최고의 질문들','210','115','2016','001.3-루887ㅅ'),(20,'행정정보문고센터','000(총류)','내가 사는 세상 내가 하는 인문학 : 플라톤에서 니체로','246','186','2015','001.3-문54ㄴ'),(21,'행정정보문고센터','000(총류)','박완서 : 문학의 뿌리를 말한다','278','198','2011','001.3-박65ㅂ=2'),(22,'행정정보문고센터','000(총류)','책은 도끼다 : 박웅현 인문학 강독회','280','162','2014','001.3-박66ㅊ'),(23,'행정정보문고센터','000(총류)','다시, 책은 도끼다','280','162','2016','001.3-박67ㄷ'),(24,'행정정보문고센터','000(총류)','인문학 스캔들 : 한 편의 드라마같은 예술가들의 삶과 사랑','282','334','2017','001.3-박67ㅇ'),(25,'행정정보문고센터','000(총류)','생각 수업 : 온전한 나로 살아가기 위한 최고의 질문','279','227','2015','001.3-생12ㅇ'),(26,'행정정보문고센터','000(총류)','생각을 바꾸는 생각들 : 유발 하라리부터 조던 피터슨까지 이 시대 대표 지성 134인과의 가장 지적인 대화','314','289','2021','001.3-샤48ㅅ'),(27,'행정정보문고센터','000(총류)','(세네카) 인생 사전 : 화, 마음, 행복, 생애, 신의에 대한 잠언','15','102','2015','001.3-세194ㅇ'),(28,'행정정보문고센터','000(총류)','생각의 모험 : 인생의 모서리에서 만난 질문들','368','287','2015','001.3-신18ㅅ'),(29,'행정정보문고센터','000(총류)','담론 : 신영복의 마지막 강의','370','94','2015','001.3-신64ㄷ'),(30,'행정정보문고센터','000(총류)','담론 : 신영복의 마지막 강의','370','94','2018','001.3-신64ㄷ=2'),(31,'행정정보문고센터','000(총류)','네 이웃의 지식을 탐하라 : 세상의 거의 모든 지식을 섭렵한 어느 탐식자의 인문학 수다','315','280','2009','001.3-에44ㄴ'),(32,'행정정보문고센터','000(총류)','책의 우주','426','240','2011','001.3-에875ㅊ=2'),(33,'행정정보문고센터','000(총류)','인문학 습관 : 나만의 업業을 만들어가는 인문학 트레이닝북','443','72','2015','001.3-윤55ㅇ'),(34,'행정정보문고센터','000(총류)','인문학은 어떻게 만들어지는가 : 문화인류학으로 본 문명의 생성과 변화 이야기','455','217','2015','001.3-이14ㅇ'),(35,'행정정보문고센터','000(총류)','(이어령의) 지의 최전선 : 인터페이스 혁명의 시대를 읽는 새로운 지문화학','476','221','2016','001.3-이64ㅈ'),(36,'행정정보문고센터','000(총류)','(흥미롭고 오묘한) 말 속 인문학','486','362','2015','001.3-이66ㅁ'),(37,'행정정보문고센터','000(총류)','나는 날마다 조금씩 강해지고 있다 : 나를 자유롭게 하는 인문학 공부','489','317','2015','001.3-이68ㄴ'),(38,'행정정보문고센터','000(총류)','(이 정도는 알아야 하는) 최소한의 인문학 : 이과형 인재를 위한 말랑한 지식','492','52','2017','001.3-이73ㅊ'),(39,'행정정보문고센터','000(총류)','하루 10분 인문학 : 50가지 질문으로 알아보는 나와 세계에 대한 짧은 교양','497','59','2020','001.3-이76ㅎ'),(40,'행정정보문고센터','000(총류)','호젓한 시간의 만에서 : 시대를 부유하는 현대인을 위한 사람 공부 : 장석주 인문 에세이','533','139','2019','001.3-장54ㅎ'),(41,'행정정보문고센터','000(총류)','(2500년 인문고전에서 찾은) 말공부','575','427','2014','001.3-조66ㅁ'),(42,'행정정보문고센터','000(총류)','동화 넘어 인문학 : 미운 오리 새끼도 행복한 어른을 꿈꾼다','578','275','2017','001.3-조74ㄷ'),(43,'행정정보문고센터','000(총류)','음식의 언어 : 세상에서 가장 맛있는 인문학','181','232','2015','001.3-주293ㅇ'),(44,'행정정보문고센터','000(총류)','청소년을 위한 지금 시작하는 인문학 : 세로 읽기','584','91','2014','001.3-주94ㅊ'),(45,'행정정보문고센터','000(총류)','청소년을 위한 지금 시작하는 인문학 : 가로 읽기','584','91','2014','001.3-주94ㅊ'),(46,'행정정보문고센터','000(총류)','(진중권의) 테크노 인문학의 구상','595','326','2016','001.3-진76ㅌ'),(47,'행정정보문고센터','000(총류)','시민의 교양 : 지금, 여기, 보통 사람들을 위한 현실 인문학','598','261','2015','001.3-채52ㅅ'),(48,'행정정보문고센터','000(총류)','우리는 언젠가 만난다 : 나, 타인, 세계를 이어주는 40가지 눈부신 이야기','598','263','2017','001.3-채52ㅇ'),(49,'행정정보문고센터','000(총류)','열한 계단 : 나를 흔들어 키운 불편한 지식들','598','260','2016','001.3-채52ㅇ'),(50,'행정정보문고센터','000(총류)','열한 계단  : 나를 흔들어 키운 불편한 지식들','598','261','2019','001.3-채52ㅇ=2'),(51,'행정정보문고센터','000(총류)','지적 대화를 위한 넓고 얕은 지식  : 제로 편','598','260','2019','001.3-채52ㅈ-3'),(52,'행정정보문고센터','000(총류)','(상식으로 시작하는) 한 뼘 인문학 : 사고의 틀을 바꾸는 유쾌한 지적 훈련','607','161','2015','001.3-최66ㅎ'),(53,'행정정보문고센터','000(총류)','(최재천 교수와 함께 떠나는) 생각의 탐험 : 거장과 함께하는 재미있는 통섭 특강','612','255','2016','001.3-최73ㅅ'),(54,'행정정보문고센터','000(총류)','최진기의 교실밖 인문학 : 소크라테스부터 한나 아렌트까지','615','208','2016','001.3-최78ㅊ'),(55,'행정정보문고센터','000(총류)','인문학 지도 : 한눈에 펼쳐보는 위대한 생각의 계보','363','316','2013','001.3-트295ㅇ'),(56,'행정정보문고센터','000(총류)','1도씨 인문학 : 하루가 더 행복해지는 30초 습관','660','71','2015','001.3-플293ㅇ'),(57,'행정정보문고센터','000(총류)','애매한 걸 정리해주는 사전','679','348','2020','001.3-한17ㅇ'),(58,'행정정보문고센터','000(총류)','관찰의 인문학 : 같은 길을 걸어도 다른 세상을 보는 법','385','216','2015','001.3-호295ㄱ'),(59,'행정정보문고센터','000(총류)','잡담의 인문학 : 게오르그 루카치에서 페데리코 펠리니까지','644','113','2017','001.3-호78ㅈ'),(60,'행정정보문고센터','000(총류)','잠깐, 멈춰서, 생각 : 문득 바쁜 내 삶이 무의미하게 느껴질 때','551','174','2016','001-정52ㅈ'),(61,'행정정보문고센터','000(총류)','(2019 시나공) 컴퓨터활용능력 1급 실기. 1, 스프레드시트 실무','59','50','2018','004.077-길44ㅋ-1실-1'),(62,'행정정보문고센터','000(총류)','(2019 시나공) 컴퓨터활용능력 1급 실기. 2, 데이터베이스 실무','59','50','2018','004.077-길44ㅋ-1실-2'),(63,'행정정보문고센터','000(총류)','(2019 시나공) 컴퓨터활용능력 1급 실기. 3, 컴활 함수 사전+계산문제 20회+최신기출문제 10회','59','50','2018','004.077-길44ㅋ-1실-3'),(64,'행정정보문고센터','000(총류)','(2019 시나공 summary) 컴퓨터활용능력 1급 필기. 1, 핵심요약','59','50','2018','004.077-길44ㅋ-1필-1'),(65,'행정정보문고센터','000(총류)','(2019 시나공 summary) 컴퓨터활용능력 1급 필기. 2, 기출문제','59','50','2018','004.077-길44ㅋ-1필-2'),(66,'행정정보문고센터','000(총류)','(이렇게 기막힌 적중률) 컴퓨터활용능력 : 2급 필기 문제집','708','22','2018','004.077-홍883ㅋ'),(67,'행정정보문고센터','000(총류)','(신·중년을 위한) 스마트폰 쉽게 배우기  : 최신판','414','347','2019','004.16-오14ㅅ'),(68,'행정정보문고센터','000(총류)','Notion : 업무와 일상을 정리하는 새로운 방법','541','12','2019','004.16-전58ㄴ'),(69,'행정정보문고센터','000(총류)','드림위버 필살기','126','256','2006','004.575-김88ㄷ=2'),(70,'행정정보문고센터','000(총류)','(누구나 쓸 수 있는)HTML + CSS 필살기','690','256','2006','004.575-한94ㄴ=2'),(71,'행정정보문고센터','000(총류)','딱, 하루 배워서 블로그로 투잡하자! : 나는 블로그로 투잡한다','221','18','2020','004.586-류78ㄸ'),(72,'행정정보문고센터','000(총류)','페이스북을 떠나 진짜 세상을 만나다 : 기술과 삶의 균형을 찾아주는 행복 레시피','199','319','2015','004.586-저874ㅍ'),(73,'행정정보문고센터','000(총류)','아키텍트와 엔지니어를 위한 IoT 가이드  : 센서부터 에지 컴퓨팅, 클라우드까지 IoT 구축의 모든 것','651','235','2020','004.58-레62ㅇ'),(74,'행정정보문고센터','000(총류)','비됴클래스 하줜의 유튜브 동영상 편집 with 프리미어 프로','666','2','2018','004.59-하76ㅂ'),(75,'행정정보문고센터','000(총류)','(허팝과 함께하는) 유튜브 크리에이터 되기','701','401','2018','004.59-허892ㅇ'),(76,'행정정보문고센터','000(총류)','구글＋아이폰 200％ 업무 활용법','491','401','2012','004.5-이68ㄱ'),(77,'행정정보문고센터','000(총류)','패스워드','236','15','2017','004.61-이47ㅍ'),(78,'행정정보문고센터','000(총류)','(김대식의) 인간 vs 기계 : 인공지능이란 무엇인가','68','98','2016','004.73-김23ㅇ'),(79,'행정정보문고센터','000(총류)','인공지능과 딥러닝 : 인공지능이 불러올 산업 구조의 변화와 혁신','230','99','2015','004.73-마57ㅇ'),(80,'행정정보문고센터','000(총류)','마음의 사회','227','183','2019','004.73-민57ㅁ'),(81,'행정정보문고센터','000(총류)','인공지능 쫌 아는 10대  : 인공지능, 네 정체를 밝혀라','417','367','2019','004.73-오57ㅇ'),(82,'행정정보문고센터','000(총류)','백설공주 거울과 인공지능 이야기  : 볼츠만 머신러닝에서 딥러닝까지','418','13','2018','004.73-오74ㅂ'),(83,'행정정보문고센터','000(총류)','(맥스 테그마크의)라이프 3.0 : 인공지능이 열어갈 인류와 생명의 미래','239','98','2017','004.73-테17ㄹ'),(84,'행정정보문고센터','000(총류)','(맥스 테그마크의)라이프 3.0 : 인공지능이 열어갈 인류와 생명의 미래','239','98','2017','004.73-테17ㄹ=2'),(85,'행정정보문고센터','000(총류)','포토샵 CS3 기본＋활용 지대로 배우기','83','262','2008','004.76-김54ㅍ'),(86,'행정정보문고센터','000(총류)','포토샵 아트웍 스타일북 = Photoshop artworks stylebook','138','303','2010','004.76-김94ㅍ'),(87,'행정정보문고센터','000(총류)','Web safe color 배색사전 : 아름답고 효과적인 컬러의 조합을 쉽게 이해한다','6','243','2002','004.76-씨62ㅇ'),(88,'행정정보문고센터','000(총류)','3D 프린터를 활용한 무한상상 창조교실','469','202','2015','004.76-이53ㅅ'),(89,'행정정보문고센터','000(총류)','3D메이커기획 = 3D maker planning','493','347','2019','004.76-이75ㅆ'),(90,'행정정보문고센터','000(총류)','IT 좀 아는 사람 : 비전공자도 IT전문가처럼 생각하는 법','158','267','2021','004-메882ㅇ'),(91,'행정정보문고센터','000(총류)','(홍자와 함께하는)컴퓨터 활용 33선','301','416','2004','004-보36ㅋ=2'),(92,'행정정보문고센터','000(총류)','(스마트한 생활을 위한) 정보화 기초  : 윈도우7·인터넷·한글 2010','13','214','2019','004-아68ㅈ'),(93,'행정정보문고센터','000(총류)','(쉽게 배우는) 4차 산업혁명 시대의 최신 기술 트렌드','445','144','2021','004-윤64ㅅ'),(94,'행정정보문고센터','000(총류)','(비전공자를 위한 이해할 수 있는) IT 지식','608','357','2020','004-최66ㅇ'),(95,'행정정보문고센터','000(총류)','1일 1로그 100일 완성 IT 지식','311','288','2021','004-커198ㅇ'),(96,'행정정보문고센터','000(총류)','(필요할 때마다 찾아 쓰는)액설 기능 & 함수 활용 백과사전','58','50','2005','005.117-길44ㅇ'),(97,'행정정보문고센터','000(총류)','안드로이드 스마트폰 베스트 앱 200 = Android Apps The Best Collection','461','298','2011','005.11-이25ㅇ'),(98,'행정정보문고센터','000(총류)','탱고 & ARCore 증강현실 프로그래밍  : 탱고 /ARCore 실전앱 개발부터 유니티(unity) 연동까지','614','224','2018','005.11-최76ㅌ'),(99,'행정정보문고센터','000(총류)','C 프로그래밍 기초 넘나들기','22','202','2015','005.133-강44ㅆ'),(100,'행정정보문고센터','000(총류)','난생처음 컴퓨팅 사고 with 파이썬','75','403','2021','005.133-김34ㄴ'),(101,'행정정보문고센터','000(총류)','(손가락 하나 까딱하지 않는) 주식 거래 시스템 구축 : 파이썬을 이용한 데이터 수집과 차트 분석, 매매 자동화까지','534','266','2020','005.133-장65ㅈ'),(102,'행정정보문고센터','000(총류)','(그누위즈의) PHP & MySQL 웹 프로그래밍 입문+활용  : PHP 7 기반','442','229','2018','005.138-윤54ㅍ'),(103,'행정정보문고센터','000(총류)','코딩으로 지구정복  : 프로그래밍 초보자를 위한 나혼자 끝내는 코딩 입문서','633','66','2019','005.13-코68ㅋ'),(104,'행정정보문고센터','000(총류)','코딩시대 = Coding time : 코드, 미래를 지배하는 언어','259','349','2017','005.1-바887ㅋ'),(105,'행정정보문고센터','000(총류)','(일상 속 스마트한 선택을 위한)알고리즘 라이프','388','192','2017','005.1-알35ㅇ'),(106,'행정정보문고센터','000(총류)','한글 2002 무작정 따라하기','220','50','2007','005.3-류74ㅎ'),(107,'행정정보문고센터','000(총류)','(회사에서 바로 통하는)엑셀 실무 활용 문서+기능','613','401','2005','005.3-최76ㅇ'),(108,'행정정보문고센터','000(총류)','(회사에서 바로 통하는) 엑셀 2013','687','401','2014','005.3-한67ㅇ'),(109,'행정정보문고센터','000(총류)','임베디드 리눅스 프로그래밍 완전정복 2 /e','635','235','2019','005.44-시34ㅇ'),(110,'행정정보문고센터','000(총류)','Windows me 기본.활용 쉽게 배우기','288','242','2000','005.4-박94ㅇ'),(111,'행정정보문고센터','000(총류)','(속공)MOS Word 2003 Expert = 워드 2003 Expert','18','21','2008','005.5077-와68ㅇ'),(112,'행정정보문고센터','000(총류)','(눈이 즐거워지는) 워드 2010','514','243','2012','005.51-이88ㅇ'),(113,'행정정보문고센터','000(총류)','(이기적) 컴퓨터활용능력 2급 실기 기본서 : 엑셀 2010. 1, 이론서','281','243','2018','005.53077-박66ㅋ-1'),(114,'행정정보문고센터','000(총류)','(이기적) 컴퓨터활용능력 2급 실기 기본서 : 엑셀 2010. 2, 기출문제','281','243','2018','005.53077-박66ㅋ-2'),(115,'행정정보문고센터','000(총류)','(Speed up) ITQ 엑셀 2010','553','213','2018','005.53077-정68ㅇ'),(116,'행정정보문고센터','000(총류)','(회사에서 바로 통하는) 엑셀 함수 실무 강의 : 실무형 프로젝트 활용서','62','401','2017','005.53-김14ㅇ'),(117,'행정정보문고센터','000(총류)','직장인을 위한 실무 엑셀 : 실전! 비즈니스 엑셀 완전 정복','335','50','2019','005.53-선63ㅈ'),(118,'행정정보문고센터','000(총류)','(직장인을 위한) 실무 데이터 분석 with 엑셀 : 파이썬, R데이터 No! 비즈니스 데이터를 위한 기본+활용','335','50','2020','005.53-선63ㅈ'),(119,'행정정보문고센터','000(총류)','(실무에서 꼭 필요한) 엑셀 함수 Q&A','481','39','2015','005.53-이65ㅇ'),(120,'행정정보문고센터','000(총류)','(회사에서 바로 통하는) 엑셀 for starters : 왕초보가 시작하는 엑셀 입문서','538','401','2020','005.53-전38ㅇ'),(121,'행정정보문고센터','000(총류)','(Speed up) ITQ 파워포인트 2010','553','213','2018','005.55077-정68ㅇ'),(122,'행정정보문고센터','000(총류)','직장인을 위한 실무 파워포인트','67','50','2017','005.55-김18ㅈ'),(123,'행정정보문고센터','000(총류)','직장인을 위한 실무 파워포인트','67','50','2017','005.55-김18ㅈ'),(124,'행정정보문고센터','000(총류)','된다! 파워포인트 능력자 : 시간을 낭비하지 않는 업무 기술','118','284','2016','005.55-김78ㄷ'),(125,'행정정보문고센터','000(총류)','(칼퇴를 부르는)파워포인트 실무 테크닉 105!','520','12','2019','005.55-이97ㅍ'),(126,'행정정보문고센터','000(총류)','(스마트한 이러닝 콘텐츠 저작도구) 스토리라인2 : 소프트웨어 교육 기본 교재 = storyline 2','682','64','2015','005.55-한25ㅅ-1'),(127,'행정정보문고센터','000(총류)','(스마트한 이러닝 콘텐츠 저작도구) 스토리라인3 : 소프트웨어 교육 기본 교재 = storyline 3','682','64','2018','005.55-한25ㅅ-2'),(128,'행정정보문고센터','000(총류)','(컨설턴트가 알려주는)보고서 작성의 기술 : with 파워포인트','707','401','2015','005.55-홍72ㅂ'),(129,'행정정보문고센터','000(총류)','포토샵＆일러스트레이터 CC 무작정 따라하기 2018 = Photoshop illustrator creative cloud','257','50','2018','005.565-민78ㅍ'),(130,'행정정보문고센터','000(총류)','모두의 포토샵 : 하루 30분, 핵심만 콕! 집어 예제로 배운다 = Photoshop for everyone','372','50','2017','005.565-신67ㅁ'),(131,'행정정보문고센터','000(총류)','일러스트레이터, 그 매력에 빠지다 = Fall into an illustration book!! : 예비 디자이너들을 위한 실무 노하우','371','22','2015','005.565-신67ㅇ'),(132,'행정정보문고센터','000(총류)','(맛있는 디자인) 포토샵 CC 2021 : 핵심 기능을 담은 기본편+실무 예제가 풍부한 활용편','451','401','2021','005.565-윤68ㅍ'),(133,'행정정보문고센터','000(총류)','(스콧 켈비의 사진가를 위한) 어도비 포토샵 라이트룸 클래식 CC','355','298','2018','005.565-켈48ㅇ'),(134,'행정정보문고센터','000(총류)','답답해 죽느니 내가 직접 만드는 유튜브 동영상 with 키네마스터','610','228','2021','005.567-최68ㄷ'),(135,'행정정보문고센터','000(총류)','(맛있는 디자인)포토샵 & 일러스트레이터 CC','285','401','2016','005.56-박74ㅍ'),(136,'행정정보문고센터','000(총류)','안드로이드 with Kotlin 앱 프로그래밍 가이드 : 자바+코틀린으로 만드는 APP 개발 필독서','382','224','2019','005.58-안16ㅇ'),(137,'행정정보문고센터','000(총류)','직장인을 위한 실무 엑셀＆파워포인트','291','50','2017','005.5-배76ㅈ'),(138,'행정정보문고센터','000(총류)','(눈이 즐거워지는) 파워포인트 2010','437','243','2012','005.5-비76ㅇ'),(139,'행정정보문고센터','000(총류)','(회사에서 바로 통하는) 실무 엑셀 파워포인트 워드&한글 : 모든 버전 사용 가능 : 현장밀착형 입문서','540','401','2020','005.5-전38ㅅ'),(140,'행정정보문고센터','000(총류)','(회사에서 바로 통하는) 실무 엑셀 파워포인트 워드＆한글 : 모든 버전 사용 가능','539','401','2018','005.5-전38ㅅ'),(141,'행정정보문고센터','000(총류)','(회사에서 바로 통하는) 엑셀 파워포인트 워드 2013 한글 2014','537','401','2015','005.5-전38ㅇ'),(142,'행정정보문고센터','000(총류)','(Professional)ASP XML','16','298','2001','005.72-블29ㅇ'),(143,'행정정보문고센터','000(총류)','(대한민국 1％로 가는) 액세스 Access 2010 기본+활용','119','202','2019','005.75331-김78ㅇ'),(144,'행정정보문고센터','000(총류)','직장인을 위한 실무 액세스 : 실전 마스터! 비즈니스 빅데이터 분석부터 활용까지','412','50','2017','005.75331-염18ㅈ'),(145,'행정정보문고센터','000(총류)','직장인을 위한 실무 액세스 : 실전 마스터! 비즈니스 빅데이터 분석부터 활용까지','412','50','2017','005.75331-염18ㅈ'),(146,'행정정보문고센터','000(총류)','(비전공자도 기초부터 확실하게!) 오라클로 배우는 데이터베이스 입문  : 현업 프로그래머이자 강사인 저자가 잡아주는 SQL, PL /SQL 기본기','507','284','2018','005.7533-이78ㅇ'),(147,'행정정보문고센터','000(총류)','(Do it!) 데이터 분석을 위한 판다스 입문  : 세상의 속도를 따라잡고 시다면 , 7일완성','161','284','2018','005.76-첸22ㄷ'),(148,'행정정보문고센터','000(총류)','데이터 과학자의 사고법 : 더 나은 선택을 위한 통계학적 통찰의 힘','99','51','2021','005.7-김65ㄷ'),(149,'행정정보문고센터','000(총류)','책의 문화사  : 우리는 어떻게 책을 쓰고 읽고 소비하는가','187','190','2015','010.9-블296ㅊ'),(150,'행정정보문고센터','000(총류)','표절론 : 표절에서 자유로운 정직한 글쓰기','147','414','2015','011.2-남94ㅍ'),(151,'행정정보문고센터','000(총류)','표절에 관하여','405','147','2017','011.5-모294ㅍ'),(152,'행정정보문고센터','000(총류)','책공장 베네치아 : 16세기 책의 혁명과 지식의 탄생','384','330','2015','012.90928-마297ㅊ'),(153,'행정정보문고센터','000(총류)','작은 책방, 우리 책 쫌 팝니다! : 동네서점의 유쾌한 반란','293','61','2015','012.96-백82ㅈ'),(154,'행정정보문고센터','000(총류)','(지속 가능한 출판을 위한) 출판기획의 시작','110','355','2020','013.1-김73ㅊ'),(155,'행정정보문고센터','000(총류)','탐방서점 : 금정연과 김중혁, 두 작가의 서점 기행','57','370','2016','013.33-금74ㅌ'),(156,'행정정보문고센터','000(총류)','동네서점 : 책과 사람이 만나는 곳 : 서점원이 찾은 책의 미래, 서점의 희망','160','361','2016','013.33-다16ㄷ'),(157,'행정정보문고센터','000(총류)','서점의 일','310','153','2019','013.33-북195ㅅ'),(158,'행정정보문고센터','000(총류)','(전설의 책방지기) 시바타 신의 마지막 수업 : 전설의 책방지기','474','61','2016','013.33-이58ㅅ'),(159,'행정정보문고센터','000(총류)','세계의 책축제  : 새로운 세상을 상상하다','593','23','2019','013-이52ㅅ'),(160,'행정정보문고센터','000(총류)','아름다운 서재 : 2016 인문사회과학 추천도서목록. 제12호','522','286','2016','018.3-인36ㅇ-12'),(161,'행정정보문고센터','000(총류)','지식ⓔ','504','162','2007','020.13-이48ㅈ'),(162,'행정정보문고센터','000(총류)','사서가 말하는 사서','482','151','2012','023.204-이65ㅅ'),(163,'행정정보문고센터','000(총류)','책 읽기의 끝과 시작 : 책읽기가 지식이 되기까지','27','105','2020','029.1-강66ㅊ'),(164,'행정정보문고센터','000(총류)','절대지식 세계고전 : 한권의 책이 세상을 바꾸다!','317','277','2015','029.1-사52ㅈ'),(165,'행정정보문고센터','000(총류)','종이책의 위로 : 당신에게 건네는 따뜻한 문장의 향기','438','369','2018','029.1-유73ㅈ'),(166,'행정정보문고센터','000(총류)','아빠와 함께 그림책 여행. 2','465','152','2016','029.1-이296ㅇ-2'),(167,'행정정보문고센터','000(총류)','사랑의 시간들','467','265','2015','029.1-이45ㅅ'),(168,'행정정보문고센터','000(총류)','어떻게 읽을 것인가 : \'모든 읽기\'에 최고의 지침서','35','208','2015','029.4-고64ㅇ'),(169,'행정정보문고센터','000(총류)','1시간에 1권 퀀텀 독서법 : 하루에 30분 3주면 된다!','78','341','2017','029.4-김44ㅎ'),(170,'행정정보문고센터','000(총류)','듣는 독서로 완성하는 아이의 공부 내공  : 초등 교사가 엄선한 듣는 독서 추천목록 84','92','340','2019','029.4-김56ㄷ'),(171,'행정정보문고센터','000(총류)','듣는 독서로 완성하는 아이의 공부 내공','92','340','2019','029.4-김56ㄷ=2'),(172,'행정정보문고센터','000(총류)','내 마음을 읽어주는 그림책 : 지금 이대로의 나를 사랑하게 되는 그림책 치유 카페','97','171','2018','029.4-김64ㄴ'),(173,'행정정보문고센터','000(총류)','아들 셋 엄마의 돈 되는 독서 : 돈과 시간은 없지만 궁색해지기 싫은 엄마의 부자 독서법','104','324','2018','029.4-김66ㅇ'),(174,'행정정보문고센터','000(총류)','내 감정에 잡아먹히지 않는 독서의 기술','135','41','2021','029.4-김94ㄴ'),(175,'행정정보문고센터','000(총류)','우리의 고통을 이해하는 책들 : 프랑스의 창조적 독서 치료','206','361','2017','029.4-드882ㅇ'),(176,'행정정보문고센터','000(총류)','치유의 독서 : 심리학과 철학이 만나 삶을 바꾸는 지혜','265','250','2015','029.4-박38ㅊ'),(177,'행정정보문고센터','000(총류)','포커스 리딩 = Focus reading','269','406','2008','029.4-박54ㅍ'),(178,'행정정보문고센터','000(총류)','포토리딩','653','107','2003','029.4-쉴29ㅍ'),(179,'행정정보문고센터','000(총류)','포토리딩','653','107','2003','029.4-쉴29ㅍ=2'),(180,'행정정보문고센터','000(총류)','독서를 위한 독서 : 독서가를 꿈꾸는 이들을 위한 안내서','444','76','2018','029.4-윤57ㄷ'),(181,'행정정보문고센터','000(총류)','이동진 독서법 : 닥치는 대로 끌리는 대로 오직 재미있게','462','244','2017','029.4-이25ㅇ'),(182,'행정정보문고센터','000(총류)','맛있게 책 읽기','479','31','2008','029.4-이65ㅁ'),(183,'행정정보문고센터','000(총류)','그 집 아들 독서법','502','163','2019','029.4-이76ㄱ'),(184,'행정정보문고센터','000(총류)','리딩으로 리드하라 : 세상을 지배하는 0.1퍼센트의 인문고전 독서법','501','3','2011','029.4-이78ㄹ'),(185,'행정정보문고센터','000(총류)','일독 : 독서습관을 기르는 슈퍼리딩 = 日讀','499','324','2018','029.4-이78ㅇ-1'),(186,'행정정보문고센터','000(총류)','1만권 독서법 : 인생은 책을 얼마나 읽었느냐에 따라 달라진다','521','265','2017','029.4-인192ㅇ'),(187,'행정정보문고센터','000(총류)','오직 독서뿐','549','51','2013','029.4-정38ㅇ'),(188,'행정정보문고센터','000(총류)','나는 한 번 읽은 책은 절대 잊어버리지 않는다 : 10년이 지나도 잊어버리지 않는 독서법','624','55','2016','029.4-카42ㄴ'),(189,'행정정보문고센터','000(총류)','책을 읽는 사람만이 손에 넣는 것','717','167','2016','029.4-후78ㅊ'),(190,'행정정보문고센터','000(총류)','고개를 끄덕이는 것만으로도 위로가 되니까','248','400','2021','029.5-문78ㄱ'),(191,'행정정보문고센터','000(총류)','나는 오늘도 책모임에 간다 : 북클럽 운영자의 기쁨과 슬픔','76','156','2020','029.83-김38ㄴ'),(192,'행정정보문고센터','000(총류)','(보다 나은 삶을 꿈꾸는) 도란도란 책모임','294','376','2013','029.83-백95ㄷ'),(193,'행정정보문고센터','000(총류)','탐독 : 10인의 예술가와 학자가 이야기하는 운명을 바꾼 책','397','139','2016','029.85-어57ㅌ'),(194,'행정정보문고센터','000(총류)','혼자가 되는 책들','609','153','2016','029.85-최66ㅎ'),(195,'행정정보문고센터','000(총류)','나는 매일 책을 읽기로 했다 : 서른 살 고시 5수생을 10만 부 베스트셀러 작가로 만든 기적의 습관','77','167','2018','029.8-김44ㄴ'),(196,'행정정보문고센터','000(총류)','우리아이, 책 날개를 달아 주자','107','414','2003','029.8-김67ㅇ'),(197,'행정정보문고센터','000(총류)','아이의 생각력을 키우는 독서교육  : 4차 산업혁명시대 생각력이 자본이다','115','142','2018','029.8-김78ㅇ'),(198,'행정정보문고센터','000(총류)','(공부가 즐거워지는 습관,)아침독서 10분','144','159','2005','029.8-남38ㅇ'),(199,'행정정보문고센터','000(총류)','엄마가 어떻게 독서지도를 할까','144','77','2005','029.8-남38ㅇ=2'),(200,'행정정보문고센터','000(총류)','책 읽는 책','266','320','2012','029.8-박38ㅊ'),(201,'행정정보문고센터','000(총류)','그림책 사냥을 떠나자','503','112','2003','029.8-이78ㄱ=2'),(202,'행정정보문고센터','000(총류)','초등 인문독서의 기적 : 인성, 통찰력, 학습력을 모두 잡는 인문독서 실천 로드맵','527','162','2016','029.8-임54ㅊ'),(203,'행정정보문고센터','000(총류)','초등 적기독서 : 아이의 성장속도에 맞는 새로운 책읽기','532','43','2013','029.8-장54ㅊ'),(204,'행정정보문고센터','000(총류)','공부머리 독서법 : 실현 가능하고 지속 가능한 독서교육의 모든 것','604','329','2018','029.8-최57ㄱ'),(205,'행정정보문고센터','000(총류)','세계 명문가의 독서교육','619','141','2010','029.8-최95ㅅ'),(206,'행정정보문고센터','000(총류)','(공병호의)독서노트 : 창의적인 내가 되고 싶다, 창의력편','38','4','2003','029-공44ㄷ'),(207,'행정정보문고센터','000(총류)','학교 가기 싫은 날 : 까칠한 열네 살을 위한 토닥토닥 책 처방전','53','193','2019','029-권97ㅎ'),(208,'행정정보문고센터','000(총류)','여자의 독서 : 완벽히 홀로 서는 시간','120','71','2017','029-김78ㅇ'),(209,'행정정보문고센터','000(총류)','여자의 독서 : 완벽히 홀로 서는 시간','120','71','2017','029-김78ㅇ=2'),(210,'행정정보문고센터','000(총류)','하루 25쪽 독서습관 : 바로 지금 시작하는 즐거운 책읽기 전략','143','89','2014','029-남192ㅎ'),(211,'행정정보문고센터','000(총류)','나는 이런 책을 읽어 왔다','163','342','2002','029-다86ㄴ'),(212,'행정정보문고센터','000(총류)','나는 이런 책을 읽어 왔다','163','342','2002','029-다86ㄴ=2'),(213,'행정정보문고센터','000(총류)','쾌락독서  : 개인주의자 문유석의 유쾌한 책 읽기','247','127','2018','029-문66ㅋ'),(214,'행정정보문고센터','000(총류)','(법정 스님의)내가 사랑한 책들','249','129','2010','029-법74ㄴ'),(215,'행정정보문고센터','000(총류)','독서는 절대 나를 배신하지 않는다 : 서른 살 빈털터리 대학원생을 메이지대 교수로 만든 공부법 25','318','28','2015','029-사68ㄷ'),(216,'행정정보문고센터','000(총류)','지성만이 무기다 : 읽기에서 시작하는 어른들의 공부법','366','167','2017','029-시292ㅈ'),(217,'행정정보문고센터','000(총류)','책구경','439','366','2017','029-유78ㅊ'),(218,'행정정보문고센터','000(총류)','책 읽기가 필요하지 않은 지금은 없다','494','60','2018','029-이75ㅊ'),(219,'행정정보문고센터','000(총류)','독서 천재가 된 홍대리 : 운명을 바꾸는 책 읽기 프로젝트','500','70','2011','029-이76ㄷ'),(220,'행정정보문고센터','000(총류)','내 꿈을 열어 주는 진로 독서 : 십대 책에게 진로를 묻다','527','52','2013','029-임54ㄴ'),(221,'행정정보문고센터','000(총류)','내가 읽은 책이 곧 나의 우주다 : 내 삶의 주인으로 살기 위한 책 읽기','533','188','2015','029-장54ㄴ'),(222,'행정정보문고센터','000(총류)','독서를좋아하는아이로기르기위한50가지','627','126','2008','029-제68ㄷ=2'),(223,'행정정보문고센터','000(총류)','고전 속에 누가 숨었는고 하니  : 소수자의 시선으로 고전 읽기','579','254','2019','029-조94ㄱ'),(224,'행정정보문고센터','000(총류)','(2021) 최신시사상식=The updated event of essential knowledge. 207집','2','143','2021','031.077-박36ㅊ-207'),(225,'행정정보문고센터','000(총류)','(2022) 최신시사상식=The updated event of essential knowledge. 213집','2','143','2021','031.077-박36ㅊ-213'),(226,'행정정보문고센터','000(총류)','법칙으로 통하는 세상 세상으로 통하는 법칙 : 대화와 글쓰기를 빛나게 할 교양지식','66','53','2015','031-김16ㅂ'),(227,'행정정보문고센터','000(총류)','너 그거 아니','192','128','2003','031-디48ㄴ=3'),(228,'행정정보문고센터','000(총류)','(교실 밖 알짜배기) 시사상식','219','191','2011','031-류54ㅅ'),(229,'행정정보문고센터','000(총류)','지적 대화를 위한 넓고 얕은 지식 : 역사, 경제, 정치, 사회, 윤리 편. 1','598','402','2014','031-채52ㅈ'),(230,'행정정보문고센터','000(총류)','지적 대화를 위한 넓고 얕은 지식 : 철학, 과학, 예술, 종교, 신비 편. 2','598','402','2015','031-채52ㅈ'),(231,'행정정보문고센터','000(총류)','(상대적이며 절대적인) 지식의 백과사전','297','240','1996','036-베29ㅈ'),(232,'행정정보문고센터','000(총류)','비상경보기 : 위기의 시대 앞에 울리는 인문정신','25','95','2016','041-강58ㅂ'),(233,'행정정보문고센터','000(총류)','짧은 한마디에 매료되다','72','362','2017','041-김25ㅉ'),(234,'행정정보문고센터','000(총류)','다정한 날들 : 집과 길, 사람과 풍경, 몸과 마음을 잇는 삶 또는 사랑에 관한 이야기','530','133','2014','041-자63ㄷ'),(235,'행정정보문고센터','000(총류)','망치 : TBWA 주니어보드 망치 스피치 모음','17','110','2016','041-티48ㅁ'),(236,'행정정보문고센터','000(총류)','(언제나 누구나 즐겁게) 고래가 그랬어. 59','30','34','2008','051-고293ㄱ-59'),(237,'행정정보문고센터','000(총류)','녹색평론. 2008년 7-8월','152','67','2008','051-녹53ㄴ-101'),(238,'행정정보문고센터','000(총류)','좋은생각. 2012년 4월','582','308','2012','051-좋67ㅈ-2012-4'),(239,'행정정보문고센터','000(총류)','박물관 보는 법 : 보이지 않는 것을 보는 감상자의 안목','714','270','2015','069-황66ㅂ'),(240,'행정정보문고센터','000(총류)','민중언론학의 논리 : 정보혁명시대 네티즌의 무기','342','338','2015','070.1-손54ㅁ'),(241,'행정정보문고센터','000(총류)','장면들=The Scenes : 손석희의 저널리즘 에세이','344','326','2021','070.404-손54ㅈ'),(242,'행정정보문고센터','000(총류)','신문 읽기의 혁명 : 편집을 읽어야 기사가 보인다','343','24','2017','070.41-손54ㅅ'),(243,'행정정보문고센터','000(총류)','당신이 진짜로 믿었던 가짜뉴스 : 미디어 리터러시와 미디어 비평','123','283','2019','070.42-김82ㄷ'),(244,'행정정보문고센터','000(총류)','나쁜 뉴스의 나라 : 우리는 왜 뉴스를 믿지 못하게 되었나','576','402','2016','070.42-조66ㄴ'),(245,'행정정보문고센터','000(총류)','세계는 왜 가짜뉴스와 전면전을 선포했는가 : 허위정보의 실체와 해법을 위한 가이드','716','157','2018','070.42-황86ㅅ'),(246,'행정정보문고센터','000(총류)','눈총도 총이다 : 김중위(金重緯)칼럼집','114','379','2015','070.431-김76ㄴ'),(247,'행정정보문고센터','000(총류)','카드뉴스, 세상을 읽는 새로운 방식 : 당신의 소셜지수를 높여주는 똑똑한 뉴스 큐레이션','487','137','2016','070.45-카27ㅁ'),(248,'행정정보문고센터','000(총류)','저널리즘 여론 민주주의 : 월터 리프먼의 삶과 사상','28','296','2017','070.4-강75ㅈ'),(249,'행정정보문고센터','000(총류)','누가 거짓말을 하고 있는가','112','220','2012','070.4-김75ㄴ'),(250,'행정정보문고센터','000(총류)','잉여와 도구 : 억압된 저널리즘의 현장 MBC를 기록하다','525','301','2017','070.4-임34ㅇ'),(251,'행정정보문고센터','000(총류)','나는 뜨겁게 보고 차갑게 쓴다 : 세상과 사람과 미디어에 관한 조이여울의 기록','577','134','2013','070.4-조68ㄴ'),(252,'행정정보문고센터','000(총류)','(마음을 움직이는) 인터뷰 특강','591','248','2016','070.4-지57ㅇ'),(253,'행정정보문고센터','000(총류)','리영희를 함께 읽다','33','326','2017','070.99-고44ㄹ'),(254,'행정정보문고센터','000(총류)','어떻게 늙을까 : 전설적인 편집자 다이애너 애실이 전하는 노년의 꿀팁','162','132','2016','070.99-애58ㅇ'),(255,'행정정보문고센터','000(총류)','비판과 정명 : 리영희의 언론 사상','605','409','2015','070.99-최64ㅂ'),(256,'행정정보문고센터','000(총류)','스마트폰이 세상을 바꾼다고 : 신문 방송학','122','165','2012','070-김82ㅅ'),(257,'행정정보문고센터','000(총류)','부자신문 가난한 독자','343','381','2002','071.1-손54ㅂ=2'),(258,'행정정보문고센터','000(총류)','(사르트르와 보부아르의) 계약결혼','300','176','2012','082-살298ㅅ-282'),(259,'행정정보문고센터','000(총류)','똑똑한 어린이를 위한 지식 백과 : 세상 모든 게 궁금한 꼬마 지식인을 위한 길잡이','378','223','2017','031-아68ㄸ'),(260,'행정정보문고센터','000(총류)','난 누굴까 : 꼬마 철학자의 기발한 나 백과사전','431','120','2019','031-위55ㄴ'),(261,'행정정보문고센터','000(총류)','박물관에서 길을 잃었어요!','208','295','2016','069-몽296ㅂ'),(262,'행정정보문고센터','000(총류)','박물관에서 길을 잃었어요!','208','295','2016','069-몽296ㅂ=2'),(263,'행정정보문고센터','000(총류)','어린이 인문학 여행. 1','149','194','2014','001.3-노14ㅇ-1'),(264,'행정정보문고센터','000(총류)','어린이 인문학 여행. 2','149','195','2014','001.3-노14ㅇ-2'),(265,'행정정보문고센터','000(총류)','생각이 크는 인문학 : 왜 놀부와 스크루지를 나쁘다고 할까. 3:, 부(富)','264','276','2013','001.3-박38ㅅ-3'),(266,'행정정보문고센터','000(총류)','생각이 크는 인문학. 9, 자유','600','276','2014','001.3-생12ㅇ-9'),(267,'행정정보문고센터','000(총류)','신비한 이야기 놀라운 사건','51','45','2009','001.4-권88ㅅ'),(268,'행정정보문고센터','000(총류)','생각이 쑥쑥 자라는 인문 읽기','713','335','2014','001-황64ㅅ'),(269,'행정정보문고센터','000(총류)','(어린이를 위한) 디지털 과학 용어사전 : 4차 산업혁명 시대에 꼭 알아야 할 SW교육 완전 정복!!','685','360','2017','004.03-한54ㄷ'),(270,'행정정보문고센터','000(총류)','(어린이를 위한)인공지능과 4차 산업혁명 이야기','82','360','2017','004-김52ㅇ'),(271,'행정정보문고센터','000(총류)','창의력 컴퓨터 교실 : 초등학교 컴퓨터 특별과정. 1:, IQ 쑥쑥','207','16','2014','004-렉57ㅊ-1'),(272,'행정정보문고센터','000(총류)','창의력 컴퓨터 교실 : 초등학교 컴퓨터 특별과정. 2:, EQ 쑥쑥','207','16','2014','004-렉57ㅊ-2'),(273,'행정정보문고센터','000(총류)','창의력 컴퓨터 교실 : 초등학교 컴퓨터 특별과정. 3:, 실력 쑥쑥','207','16','2014','004-렉57ㅊ-3'),(274,'행정정보문고센터','000(총류)','IT가 지켜주는 안전한 세상 : 재미있는 IT보안 이야기','580','297','2014','004-조94ㅇ-4'),(275,'행정정보문고센터','000(총류)','코딩 대탐험 : 튜링의 유산. 1, 초등수학 연산편','683','196','2018','005.1-한54ㅌ-1'),(276,'행정정보문고센터','000(총류)','책, 어디까지 아니 : 마법의 책이 직접 들려주는 책에 대한 모든 것','105','35','2019','010-김66ㅊ'),(277,'행정정보문고센터','000(총류)','(세상을 만든)책과 기록','131','223','2016','010-김93ㅊ'),(278,'행정정보문고센터','000(총류)','(EBS) 어린이 지식ⓔ : 생각하는 힘을 키워 주는 감성지식창고. 4:, 함께 사는 사회 편','8','321','2014','020.13-이48ㅇ-4'),(279,'행정정보문고센터','000(총류)','도서관을 구한 사서 : 이라크의 알리아 이야기','235','135','2007','020-마87ㄷ-6'),(280,'행정정보문고센터','000(총류)','(생각숲으로 떠나는 질문여행) 어린이를 위한 독서하브루타','712','360','2017','029.8-황56ㅇ'),(281,'행정정보문고센터','000(총류)','나는 책 읽기가 정말 싫어!','121','62','2013','029-김82ㄴ'),(282,'행정정보문고센터','000(총류)','책, 즐겁게 읽는 법 : 어린이에게 들려주는 여덟 가지 책 이야기','263','148','2018','029-박25ㅊ'),(283,'행정정보문고센터','000(총류)','속독왕 단숨에 따라잡기','283','32','2007','029-박67ㅅ'),(284,'행정정보문고센터','000(총류)','백제를 왜 문화 강국이라고 하나요  : 백제에 대한 궁금증 47가지','50','74','2013','031-권65ㅂ'),(285,'행정정보문고센터','000(총류)','위대한 상상력 51 : 틀을 깨고 세상을 깨우는 생각','108','276','2013','031-김68ㅇ-4'),(286,'행정정보문고센터','000(총류)','레벨업 카카오프렌즈. 1, 속담','546','87','2019','031-레44ㄷ-1'),(287,'행정정보문고센터','000(총류)','레벨업 카카오프렌즈. 2, 수수께끼','546','87','2019','031-레44ㄷ-2'),(288,'행정정보문고센터','000(총류)','궁금한 건 못 참아','225','313','2008','031-마29ㄱ'),(289,'행정정보문고센터','000(총류)','(Britannica) 바이오테크','307','136','2018','031-봄45ㅂ-57'),(290,'행정정보문고센터','000(총류)','생활 속 화학 물질','309','136','2018','031-봄45ㅂ-58'),(291,'행정정보문고센터','000(총류)','생활 속 화학 물질','305','136','2018','031-봄45ㅂ-58=2'),(292,'행정정보문고센터','000(총류)','(Britannica) 미래의 직업','308','14','2018','031-봄45ㅂ-61'),(293,'행정정보문고센터','000(총류)','공룡','306','223','2016','031-브298ㅇ-12'),(294,'행정정보문고센터','000(총류)','조류','302','223','2016','031-브298ㅇ-16'),(295,'행정정보문고센터','000(총류)','사춘기와 성','304','223','2016','031-브298ㅇ-22'),(296,'행정정보문고센터','000(총류)','인간 심리','305','223','2016','031-브298ㅇ-26'),(297,'행정정보문고센터','000(총류)','양서류와 파충류','306','223','2015','031-브298ㅇ-4'),(298,'행정정보문고센터','000(총류)','곤충과 거미','303','223','2015','031-브298ㅇ-6'),(299,'행정정보문고센터','000(총류)','(어린이) 백과사전','327','178','2008','031-삼54ㅂ'),(300,'행정정보문고센터','000(총류)','아이들이 묻고 노벨상 수상자들이 답한다','298','75','2003','031-슈88ㅇ'),(301,'행정정보문고센터','000(총류)','상식 팍팍! 1분 기네스북','357','306','2008','031-스88ㅅ-1'),(302,'행정정보문고센터','000(총류)','(프랑스 황제가 된)나폴레옹','117','210','2009','031-시17ㄴ-28'),(303,'행정정보문고센터','000(총류)','(천재 예술가) 레오나르도 다빈치','450','210','2009','031-시17ㄹ-5'),(304,'행정정보문고센터','000(총류)','(불가사의한 문명) 마야','116','210','2009','031-시17ㅁ-31'),(305,'행정정보문고센터','000(총류)','(태양의 나라) 잉카','55','210','2009','031-시17ㅇ-16'),(306,'행정정보문고센터','000(총류)','못 말리는 호기심 사전','386','311','2009','031-알29ㅁ'),(307,'행정정보문고센터','000(총류)','창의력을 키워주는 저학년 수수께끼','12','423','2015','031-에68ㅊ'),(308,'행정정보문고센터','000(총류)','(주니어)지식채널 ⓔ : 세상을 보는 다른 눈. 1','10','321','2009','031-이48ㅈ-1'),(309,'행정정보문고센터','000(총류)','(주니어)지식채널 ⓔ : 세상을 보는 다른 눈. 2','9','321','2009','031-이48ㅈ-2'),(310,'행정정보문고센터','000(총류)','(주니어)지식채널 ⓔ : 세상을 보는 다른 눈. 3','11','321','2009','031-이48ㅈ-3'),(311,'행정정보문고센터','000(총류)','머리가 좋아지는 창의 퀴즈 100','480','350','2013','031-이65ㅁ'),(312,'행정정보문고센터','000(총류)','주니어 미래지식사전  : 미래를 상상하는 힘. 1','490','37','2010','031-이68ㅈ-1'),(313,'행정정보문고센터','000(총류)','(검정고무신과 함께 떠나는)별난 실수 위대한 발견','505','415','2011','031-이78ㅂ'),(314,'행정정보문고센터','000(총류)','Why 고대 문명','544','245','2011','031-인36ㄱ-7'),(315,'행정정보문고센터','000(총류)','Why 법','571','245','2013','031-인36ㅂ-12'),(316,'행정정보문고센터','000(총류)','Why 영화','273','245','2013','031-인36ㅇ'),(317,'행정정보문고센터','000(총류)','Why 음악','573','245','2013','031-인36ㅇ=2'),(318,'행정정보문고센터','000(총류)','Why 화폐와 경제','441','245','2012','031-인36ㅇ-1'),(319,'행정정보문고센터','000(총류)','Why 수와 수학','572','245','2013','031-인36ㅇ-10'),(320,'행정정보문고센터','000(총류)','Why 심리학','571','245','2013','031-인36ㅇ-11'),(321,'행정정보문고센터','000(총류)','Why 프로테스탄트 윤리와 자본주의 정신','113','245','2014','031-인36ㅇ-12'),(322,'행정정보문고센터','000(총류)','Why 漢字 이야기','573','245','2013','031-인36ㅇ-13'),(323,'행정정보문고센터','000(총류)','Why 유토피아 : 토머스 모어','146','245','2014','031-인36ㅇ-14'),(324,'행정정보문고센터','000(총류)','Why 발표력','271','245','2012','031-인36ㅇ-14'),(325,'행정정보문고센터','000(총류)','Why 오페라와 뮤지컬','274','245','2013','031-인36ㅇ-15'),(326,'행정정보문고센터','000(총류)','Why 옷과 패션','496','245','2012','031-인36ㅇ-17'),(327,'행정정보문고센터','000(총류)','Why 국가와 국기','545','245','2012','031-인36ㅇ-18'),(328,'행정정보문고센터','000(총류)','Why 세계 유산','573','245','2012','031-인36ㅇ-19'),(329,'행정정보문고센터','000(총류)','Why 책과 인쇄술','572','245','2013','031-인36ㅇ-2'),(330,'행정정보문고센터','000(총류)','Why 책과 인쇄술','572','245','2013','031-인36ㅇ-2=2'),(331,'행정정보문고센터','000(총류)','Why 세계의 풍속','272','245','2012','031-인36ㅇ-20'),(332,'행정정보문고센터','000(총류)','Why 종교','270','245','2014','031-인36ㅇ-23'),(333,'행정정보문고센터','000(총류)','Why SNS 소셜 네트워크 서비스','574','245','2014','031-인36ㅇ-24'),(334,'행정정보문고센터','000(총류)','Why 글로벌 매너','93','245','2014','031-인36ㅇ-26'),(335,'행정정보문고센터','000(총류)','Why 음악','573','245','2013','031-인36ㅇ-3'),(336,'행정정보문고센터','000(총류)','Why 크리에이터','573','245','2018','031-인36ㅇ-36'),(337,'행정정보문고센터','000(총류)','Why 언어와 문자','573','245','2013','031-인36ㅇ-4'),(338,'행정정보문고센터','000(총류)','Why 언어와 문자','570','245','2013','031-인36ㅇ-4=2'),(339,'행정정보문고센터','000(총류)','Why 철학','571','245','2013','031-인36ㅇ-5'),(340,'행정정보문고센터','000(총류)','Why 철학','571','245','2013','031-인36ㅇ-5=2'),(341,'행정정보문고센터','000(총류)','Why 미술','573','245','2013','031-인36ㅇ-6'),(342,'행정정보문고센터','000(총류)','Why 정치','573','245','2013','031-인36ㅇ-8'),(343,'행정정보문고센터','000(총류)','Why 집과 건축','573','245','2013','031-인36ㅇ-9'),(344,'행정정보문고센터','000(총류)','(IQ를 높여주는 두뇌계발 프로젝트) 도전 100! 두뇌퀴즈','535','310','2008','031-재87ㄷ'),(345,'행정정보문고센터','000(총류)','초등학생이 딱 알아야 할 상식이야기','569','359','2019','031-조64ㅊ'),(346,'행정정보문고센터','000(총류)','공룡','657','371','2017','031-프295ㅍ-1'),(347,'행정정보문고센터','000(총류)','바다 동물','657','371','2017','031-프295ㅍ-10'),(348,'행정정보문고센터','000(총류)','조류','657','371','2017','031-프295ㅍ-11'),(349,'행정정보문고센터','000(총류)','세계의 어린이들','657','371','2017','031-프295ㅍ-12'),(350,'행정정보문고센터','000(총류)','세계의 춤과 음악','657','371','2017','031-프295ㅍ-13'),(351,'행정정보문고센터','000(총류)','곤충과 거미','657','371','2017','031-프295ㅍ-14'),(352,'행정정보문고센터','000(총류)','세계 여행','657','371','2017','031-프295ㅍ-15'),(353,'행정정보문고센터','000(총류)','지구','657','371','2017','031-프295ㅍ-16'),(354,'행정정보문고센터','000(총류)','놀라운 발명','657','371','2017','031-프295ㅍ-17'),(355,'행정정보문고센터','000(총류)','여러 가지 통신','657','371','2017','031-프295ㅍ-18'),(356,'행정정보문고센터','000(총류)','아름다운 마술의 세계','657','371','2017','031-프295ㅍ-19'),(357,'행정정보문고센터','000(총류)','우주','657','371','2017','031-프295ㅍ-2'),(358,'행정정보문고센터','000(총류)','탐험가','657','371','2017','031-프295ㅍ-20'),(359,'행정정보문고센터','000(총류)','역사를 만드는 사람들','657','371','2017','031-프295ㅍ-21'),(360,'행정정보문고센터','000(총류)','교통기관','657','371','2017','031-프295ㅍ-22'),(361,'행정정보문고센터','000(총류)','인류의 역사','657','371','2017','031-프295ㅍ-23'),(362,'행정정보문고센터','000(총류)','아름다운 세계','657','371','2017','031-프295ㅍ-24'),(363,'행정정보문고센터','000(총류)','우리 몸','657','371','2017','031-프295ㅍ-3'),(364,'행정정보문고센터','000(총류)','파충류와 양서류','657','371','2017','031-프295ㅍ-4'),(365,'행정정보문고센터','000(총류)','스포츠','657','371','2017','031-프295ㅍ-5'),(366,'행정정보문고센터','000(총류)','식물','657','371','2017','031-프295ㅍ-6'),(367,'행정정보문고센터','000(총류)','신비한 과학','657','371','2017','031-프295ㅍ-7'),(368,'행정정보문고센터','000(총류)','포유류','657','371','2017','031-프295ㅍ-8'),(369,'행정정보문고센터','000(총류)','기계는 어떻게 돌아갈까','657','371','2017','031-프295ㅍ-9'),(370,'행정정보문고센터','000(총류)','(읽으면서 바로 써먹는) 어린이 퀴즈','681','358','2019','031-한192ㅇ'),(371,'행정정보문고센터','000(총류)','나만의 박물관','402','331','2018','069-루68ㄴ'),(372,'행정정보문고센터','000(총류)','(세상을 바라보는 힘) 미디어 이야기','425','223','2010','070.4-우38ㅁ'),(373,'행정정보문고센터','000(총류)','대영 박물관:. 34 : 세계 문명, 살아 있는 신화.','91','405','2009','082-고15ㄷ-34'),(374,'행정정보문고센터','000(총류)','세상을 발칵 뒤집은 전쟁. 33','334','404','2008','082-고15ㅅ-33'),(375,'행정정보문고센터','000(총류)','에너지 도둑 다뿔라. 36','54','405','2009','082-고15ㅇ-36'),(376,'행정정보문고센터','000(총류)','월드컵 . 38 : 세상을 울리고 웃긴 축구 전쟁','369','404','2009','082-고15ㅇ-38'),(377,'행정정보문고센터','000(총류)','오케스트라를 찾아라. 46 : 전설의 악기','458','405','2010','082-고15ㅇ-46'),(378,'행정정보문고센터','000(총류)','유엔 이야기. 49 : 유엔 인권 조사관이 네팔 소년한테 들','547','405','2011','082-고15ㅇ-49'),(379,'행정정보문고센터','000(총류)','평화를 나누는 그림 편지 : 한국과 일본 친구들이 주고받은 희망의 편지','290','343','2017','082-더46ㅊ-64'),(380,'행정정보문고센터','000(총류)','사라지는 벌을 지켜라! : 지구의 먹거리를 책임지는 작은 영웅 벌 이야기','243','343','2017','082-더46ㅊ-65'),(381,'행정정보문고센터','000(총류)','왜 생일 케이크에 촛불을 켤까 : 세계의 신나는 생일 파티 속으로!','154','343','2017','082-더46ㅊ-66'),(382,'행정정보문고센터','000(총류)','나무는 어떻게 지구를 구할까 : 생태계를 지키는 녹색 친구 나무 이야기','155','343','2017','082-더46ㅊ-67'),(383,'행정정보문고센터','000(총류)','어떻게 소비해야 모두가 행복할까 : 바꿔 쓰고 나눠 쓰는 공유 경제 이야기','252','343','2017','082-더46ㅊ-68'),(384,'행정정보문고센터','000(총류)','실험실에서 만든 햄버거는 무슨 맛일까','641','343','2017','082-더46ㅊ-69'),(385,'행정정보문고센터','000(총류)','떴다! 지식 탐험대. 8, 곤충 - 우주 떠돌이들, 곤충으로 변신!','195','211','2010','082-떴92ㄱ-8'),(386,'행정정보문고센터','000(총류)','떴다! 지식 탐험대. 7 : 화산과 지진, 지구가 요동친다, 과학 탐정 출동!','151','211','2010','082-떴92ㅎ-7'),(387,'행정정보문고센터','000(총류)','날씨','321','178','2010','082-삼54ㄴ-15'),(388,'행정정보문고센터','000(총류)','법과 정의','326','178','2010','082-삼54ㅂ-8'),(389,'행정정보문고센터','000(총류)','시장과 경제','325','178','2010','082-삼54ㅅ-2'),(390,'행정정보문고센터','000(총류)','우주탐사단','323','178','2010','082-삼54ㅇ-12'),(391,'행정정보문고센터','000(총류)','요리과학','319','178','2010','082-삼54ㅇ-3'),(392,'행정정보문고센터','000(총류)','영화과학','324','178','2010','082-삼54ㅇ-6'),(393,'행정정보문고센터','000(총류)','우리 몸','322','178','2010','082-삼54ㅇ-7'),(394,'행정정보문고센터','000(총류)','잠과 두뇌','319','178','2010','082-삼54ㅈ-2'),(395,'행정정보문고센터','000(총류)','지도','319','178','2010','082-삼54ㅈ-3'),(396,'행정정보문고센터','000(총류)','정치','319','178','2010','082-삼54ㅈ-7'),(397,'행정정보문고센터','000(총류)','화폐와 금융','320','178','2010','082-삼54ㅎ-1'),(398,'행정정보문고센터','000(총류)','(문화와 역사가 살아 있는) 세계의 모든 집이야기','422','181','2008','082-상43ㅅ-5'),(399,'행정정보문고센터','000(총류)','(사람과 환경을 생각하는) 알고 싶고 타고 싶은 자동차','702','181','2009','082-상43ㅇ-6'),(400,'행정정보문고센터','000(총류)','(상상력이 만든) 장난감과 로봇','292','181','2009','082-상43ㅈ-7'),(401,'행정정보문고센터','000(총류)','(만화)마키아벨리 군주론 = Ⅱ principe','448','310','2011','082-서66ㅁ-1'),(402,'행정정보문고센터','000(총류)','(만화)마키아벨리 군주론','448','310','2007','082-서66ㅁ-1=2'),(403,'행정정보문고센터','000(총류)','(만화)존 S. 밀 자유론 = On liberty','705','310','2011','082-서66ㅁ-10'),(404,'행정정보문고센터','000(총류)','(만화)홉스 리바이어던 = Leviathan','341','310','2011','082-서66ㅁ-11'),(405,'행정정보문고센터','000(총류)','(만화)애덤 스미스 국부론 = (The)Wealth of nations','340','310','2011','082-서66ㅁ-12'),(406,'행정정보문고센터','000(총류)','(만화)이이 성호사설 = 星湖僿說','127','310','2011','082-서66ㅁ-13'),(407,'행정정보문고센터','000(총류)','(만화) 데카르트 : 방법서설','287','310','2011','082-서66ㅁ-14'),(408,'행정정보문고센터','000(총류)','(만화)갈릴레이 두 우주 체계에 대한 대화 = Dialogo sopra i due massimi sistemi del mondo','554','310','2011','082-서66ㅁ-15'),(409,'행정정보문고센터','000(총류)','(만화) 몽테스키외 : 법의 정신','449','310','2011','082-서66ㅁ-17'),(410,'행정정보문고센터','000(총류)','(만화)베이컨 신논리학 = Novum organum','704','310','2011','082-서66ㅁ-18'),(411,'행정정보문고센터','000(총류)','(만화)이중환 택리지','536','310','2011','082-서66ㅁ-19'),(412,'행정정보문고센터','000(총류)','(만화)헤로도토스 역사 = Historiae','49','310','2011','082-서66ㅁ-2'),(413,'행정정보문고센터','000(총류)','(만화)유성룡 징비록 = 懲毖錄','261','310','2011','082-서66ㅁ-20'),(414,'행정정보문고센터','000(총류)','(만화)프로이트 꿈의 해석 = Die traumdeutung','617','310','2011','082-서66ㅁ-22'),(415,'행정정보문고센터','000(총류)','(만화) 대학','696','310','2011','082-서66ㅁ-23'),(416,'행정정보문고센터','000(총류)','(만화) 박은식 한국통사','440','310','2011','082-서66ㅁ-24'),(417,'행정정보문고센터','000(총류)','(만화)막스 베버 프로테스탄트 윤리와 자본주의 정신 = Die protestantische ethik und der deist des kapitalismus','447','310','2011','082-서66ㅁ-25'),(418,'행정정보문고센터','000(총류)','(만화)중용 = 中庸','471','310','2011','082-서66ㅁ-28'),(419,'행정정보문고센터','000(총류)','(만화)슘페터 자본주의 사회주의 민주주의 = Capitalosm, socialism, and democracy','339','310','2011','082-서66ㅁ-29'),(420,'행정정보문고센터','000(총류)','(만화)노자 도덕경 = 道德經','621','310','2011','082-서66ㅁ-3'),(421,'행정정보문고센터','000(총류)','(만화)마르크스 자본론 = Das kapital','603','310','2011','082-서66ㅁ-31'),(422,'행정정보문고센터','000(총류)','(만화)일연 삼국유사 = 三國遺事','689','310','2011','082-서66ㅁ-33'),(423,'행정정보문고센터','000(총류)','(만화)한비자 = 韓非子','48','310','2011','082-서66ㅁ-35'),(424,'행정정보문고센터','000(총류)','(만화)간디 자서전 = (The)Autobiography of Ghandi','330','310','2011','082-서66ㅁ-36'),(425,'행정정보문고센터','000(총류)','(만화)김부식 삼국사기','69','310','2011','082-서66ㅁ-37'),(426,'행정정보문고센터','000(총류)','(만화) 김구 백범일지','88','310','2011','082-서66ㅁ-38'),(427,'행정정보문고센터','000(총류)','(만화)맹자 = 孟子','697','310','2011','082-서66ㅁ-39'),(428,'행정정보문고센터','000(총류)','(만화)플라톤 국가 = Politeia','345','310','2011','082-서66ㅁ-4'),(429,'행정정보문고센터','000(총류)','(만화)논어 = 論語','331','310','2011','082-서66ㅁ-41'),(430,'행정정보문고센터','000(총류)','(만화)니체 차라투스트라는 이렇게 말했다 = Also sprach Zarathustra','74','310','2011','082-서66ㅁ-42'),(431,'행정정보문고센터','000(총류)','(만화)신채호 조선상고사 = 朝鮮上古史','70','310','2011','082-서66ㅁ-44'),(432,'행정정보문고센터','000(총류)','(만화)법구경 = 法句經','543','310','2011','082-서66ㅁ-45'),(433,'행정정보문고센터','000(총류)','(만화)하이데거 존재와 시간 = Sein und Zeit','526','310','2011','082-서66ㅁ-46'),(434,'행정정보문고센터','000(총류)','(만화)예링 권리를 위한 투쟁 = Der kampf ums recht','452','310','2011','082-서66ㅁ-47'),(435,'행정정보문고센터','000(총류)','(만화) 명심보감','87','310','2011','082-서66ㅁ-49'),(436,'행정정보문고센터','000(총류)','(만화)토마스모어 유토피아 = Utopia','346','310','2011','082-서66ㅁ-5'),(437,'행정정보문고센터','000(총류)','(만화)헤겔 역사철학강의 = Vorlesungen uber die philosophie der weltgeschichte','375','310','2011','082-서66ㅁ-50'),(438,'행정정보문고센터','000(총류)','(만화)루소 사회계약론 = Du Contrat social','347','310','2011','082-서66ㅁ-6'),(439,'행정정보문고센터','000(총류)','(만화)정약용 목민심서 = 牧民心書','41','310','2011','082-서66ㅁ-7'),(440,'행정정보문고센터','000(총류)','(만화)찰스 다윈 종의 기원 = Origin of Species','618','309','2011','082-서66ㅁ-8'),(441,'행정정보문고센터','000(총류)','(만화)사마천 사기열전 = 史記列傳','552','310','2011','082-서66ㅁ-9'),(442,'행정정보문고센터','000(총류)','세상에 대하여 우리가 더 잘 알아야 할 교양. 29, 리더, 누가 되어야 할까','596','63','2013','082-세24ㄹ-29'),(443,'행정정보문고센터','000(총류)','세상에 대하여 우리가 더 잘 알아야 할 교양. 5, 비만, 왜 사회문제가 될까','634','63','2011','082-세24ㅂ-5'),(444,'행정정보문고센터','000(총류)','세상에 대하여 우리가 더 잘 알아야 할 교양  : 이주, 왜 고국을 떠날까 . 4','214','63','2010','082-세24ㅇ-4'),(445,'행정정보문고센터','000(총류)','세상에 대하여 우리가 더 잘 알아야 할 교양. 22, 줄기세포 꿈의 치료법일까','663','63','2013','082-세24ㅈ-22'),(446,'행정정보문고센터','000(총류)','박물관에서 생긴 일!','376','311','2008','082-아29ㅂ'),(447,'행정정보문고센터','000(총류)','(어두컴컴)중세 시대','642','310','2010','082-앗58-131'),(448,'행정정보문고센터','000(총류)','노발대발 야생동물','157','310','2008','082-앗58ㄴ-116'),(449,'행정정보문고센터','000(총류)','의학이 으악으악','156','310','2009','082-앗58ㅇ-115'),(450,'행정정보문고센터','000(총류)','(신나는 우주 탐험)우주선','478','211','2006','082-이64ㅇ-2'),(451,'행정정보문고센터','000(총류)','베토벤 아저씨, 우리 친구 해요','95','392','2013','082-이876-56'),(452,'행정정보문고센터','000(총류)','우리나라도 4강까지 갔다고！. 58','134','392','2013','082-이876-58'),(453,'행정정보문고센터','000(총류)','Eureka : 中央百科事典','721','314','1995','031-중62ㅇ'),(454,'행정정보문고센터','000(총류)','브리태니커 세계 대백과사전  = BRITANNICA WORLD ENCYCLOPAEDIA. 1 : ㄱ - 고트발트','671','387','1992','031-한16ㅂ-1'),(455,'행정정보문고센터','000(총류)','브리태니커 세계 대백과사전  = BRITANNICA WORLD ENCYCLOPAEDIA. 10 : 보현십원가-사로육촌','671','387','1992','031-한16ㅂ-10'),(456,'행정정보문고센터','000(총류)','브리태니커 세계 대백과사전  = BRITANNICA WORLD ENCYCLOPAEDIA. 11 : 사로트-석가탑','671','387','1992','031-한16ㅂ-11'),(457,'행정정보문고센터','000(총류)','브리태니커 세계 대백과사전  = BRITANNICA WORLD ENCYCLOPAEDIA. 12 : 석개-슈토켈스도르프파이앙스','671','387','1992','031-한16ㅂ-12'),(458,'행정정보문고센터','000(총류)','브리태니커 세계 대백과사전  = BRITANNICA WORLD ENCYCLOPAEDIA. 13 : 슈톡하우젠-심의겸','671','387','1992','031-한16ㅂ-13'),(459,'행정정보문고센터','000(총류)','브리태니커 세계 대백과사전  = BRITANNICA WORLD ENCYCLOPAEDIA. 14 : 심장-앙주제국','671','387','1992','031-한16ㅂ-14'),(460,'행정정보문고센터','000(총류)','브리태니커 세계 대백과사전  = BRITANNICA WORLD ENCYCLOPAEDIA. 15 : 앙카라-영천화남동석불좌상','671','387','1992','031-한16ㅂ-15'),(461,'행정정보문고센터','000(총류)','브리태니커 세계 대백과사전  = BRITANNICA WORLD ENCYCLOPAEDIA. 16 : 영청자기-워키쇼','671','387','1992','031-한16ㅂ-16'),(462,'행정정보문고센터','000(총류)','브리태니커 세계 대백과사전  = BRITANNICA WORLD ENCYCLOPAEDIA. 17 : 워킹펀-이아페투스','671','387','1992','031-한16ㅂ-17'),(463,'행정정보문고센터','000(총류)','브리태니커 세계 대백과사전  = BRITANNICA WORLD ENCYCLOPAEDIA. 18 : 이안눌-재초','671','387','1992','031-한16ㅂ-18'),(464,'행정정보문고센터','000(총류)','브리태니커 세계 대백과사전  = BRITANNICA WORLD ENCYCLOPAEDIA. 19 : 재칼-중국','671','387','1992','031-한16ㅂ-19'),(465,'행정정보문고센터','000(총류)','브리태니커 세계 대백과사전  = BRITANNICA WORLD ENCYCLOPAEDIA. 2 : 고트샬크-극상','671','387','1992','031-한16ㅂ-2'),(466,'행정정보문고센터','000(총류)','브리태니커 세계 대백과사전  = BRITANNICA WORLD ENCYCLOPAEDIA. 20 : 중국건축-츠비키','671','387','1992','031-한16ㅂ-20'),(467,'행정정보문고센터','000(총류)','브리태니커 세계 대백과사전  = BRITANNICA WORLD ENCYCLOPAEDIA. 21 : 츠빙글리-쿠호른','671','387','1992','031-한16ㅂ-21'),(468,'행정정보문고센터','000(총류)','브리태니커 세계 대백과사전  = BRITANNICA WORLD ENCYCLOPAEDIA. 22 : 쿡-트체프','671','387','1992','031-한16ㅂ-22'),(469,'행정정보문고센터','000(총류)','브리태니커 세계 대백과사전  = BRITANNICA WORLD ENCYCLOPAEDIA. 23 : 특경-프랑스직접행동단','671','387','1992','031-한16ㅂ-23'),(470,'행정정보문고센터','000(총류)','브리태니커 세계 대백과사전  = BRITANNICA WORLD ENCYCLOPAEDIA. 24 : 프랑스청원법원-행정협정','671','387','1992','031-한16ㅂ-24'),(471,'행정정보문고센터','000(총류)','브리태니커 세계 대백과사전  = BRITANNICA WORLD ENCYCLOPAEDIA. 25 : 행주대교-Ⅰ','671','387','1992','031-한16ㅂ-25'),(472,'행정정보문고센터','000(총류)','브리태니커 세계 대백과사전  = BRITANNICA WORLD ENCYCLOPAEDIA. 26 : 참고문헌','671','387','1992','031-한16ㅂ-26'),(473,'행정정보문고센터','000(총류)','브리태니커 세계 대백과사전  = BRITANNICA WORLD ENCYCLOPAEDIA. 27 : 색인','671','387','1992','031-한16ㅂ-27'),(474,'행정정보문고센터','000(총류)','브리태니커 세계 대백과사전  = BRITANNICA WORLD ENCYCLOPAEDIA. 3 : 극생물군계-노섬브리아','671','387','1992','031-한16ㅂ-3'),(475,'행정정보문고센터','000(총류)','브리태니커 세계 대백과사전  = BRITANNICA WORLD ENCYCLOPAEDIA. 4 : 노섬상좌기-덴마크문학','671','387','1992','031-한16ㅂ-4'),(476,'행정정보문고센터','000(총류)','브리태니커 세계 대백과사전  = BRITANNICA WORLD ENCYCLOPAEDIA. 5 : 덴마크복음주의루터교민족교회-랜먼','671','387','1992','031-한16ㅂ-5'),(477,'행정정보문고센터','000(총류)','브리태니커 세계 대백과사전  = BRITANNICA WORLD ENCYCLOPAEDIA. 6 : 랜섬-마라냥','671','387','1992','031-한16ㅂ-6'),(478,'행정정보문고센터','000(총류)','브리태니커 세계 대백과사전  = BRITANNICA WORLD ENCYCLOPAEDIA. 7 : 미라노-묘호시호도감의궤','671','387','1992','031-한16ㅂ-7'),(479,'행정정보문고센터','000(총류)','브리태니커 세계 대백과사전  = BRITANNICA WORLD ENCYCLOPAEDIA. 8 : 묘희-발라흐','671','387','1992','031-한16ㅂ-8'),(480,'행정정보문고센터','000(총류)','브리태니커 세계 대백과사전  = BRITANNICA WORLD ENCYCLOPAEDIA. 9 : 발란신-보현산','671','387','1992','031-한16ㅂ-9'),(481,'행정정보문고센터','000(총류)','한국 민족문화대백과사전. 1 : ㄱ~경승지','670','390','1995','031-한16ㅎ-1'),(482,'행정정보문고센터','000(총류)','한국 민족문화대백과사전. 10 : 복식~사재감','670','390','1995','031-한16ㅎ-10'),(483,'행정정보문고센터','000(총류)','한국 민족문화대백과사전. 11 : 사재시~서울효제','670','390','1995','031-한16ㅎ-11'),(484,'행정정보문고센터','000(총류)','한국 민족문화대백과사전. 12 : 서원~송병순','670','390','1995','031-한16ㅎ-12'),(485,'행정정보문고센터','000(총류)','한국 민족문화대백과사전. 13 : 송병조~신좌모','670','390','1995','031-한16ㅎ-13'),(486,'행정정보문고센터','000(총류)','한국 민족문화대백과사전. 14 : 신주~어유소','670','390','1995','031-한16ㅎ-14'),(487,'행정정보문고센터','000(총류)','한국 민족문화대백과사전. 15 : 어윤적~오자서전','670','390','1995','031-한16ㅎ-15'),(488,'행정정보문고센터','000(총류)','한국 민족문화대백과사전. 16 : 오자수언~유대진','670','390','1995','031-한16ㅎ-16'),(489,'행정정보문고센터','000(총류)','한국 민족문화대백과사전. 17 : 유대춘-이설','670','390','1995','031-한16ㅎ-17'),(490,'행정정보문고센터','000(총류)','한국 민족문화대백과사전. 18 : 이성-자연숭배','670','390','1995','031-한16ㅎ-18'),(491,'행정정보문고센터','000(총류)','한국 민족문화대백과사전. 19 : 자연신-정인술','670','390','1995','031-한16ㅎ-19'),(492,'행정정보문고센터','000(총류)','한국 민족문화대백과사전. 2 : 경시~곽경렬','670','390','1995','031-한16ㅎ-2'),(493,'행정정보문고센터','000(총류)','한국 민족문화대백과사전. 20 : 정인승-죽부인전','670','390','1995','031-한16ㅎ-20'),(494,'행정정보문고센터','000(총류)','한국 민족문화대백과사전. 21 : 죽비-철검','670','390','1995','031-한16ㅎ-21'),(495,'행정정보문고센터','000(총류)','한국 민족문화대백과사전. 22 : 철기-태고당집','670','390','1995','031-한16ㅎ-22'),(496,'행정정보문고센터','000(총류)','한국 민족문화대백과사전. 23 : 태고사∼한국','670','390','1992','031-한16ㅎ-23'),(497,'행정정보문고센터','000(총류)','한국 민족문화대백과사전. 24 : 한국가스~호은유고','670','390','1992','031-한16ㅎ-24'),(498,'행정정보문고센터','000(총류)','한국 민족문화대백과사전. 25 : 호은집~힐향곡','670','390','1992','031-한16ㅎ-25'),(499,'행정정보문고센터','000(총류)','한국 민족문화대백과사전. 26 : 연표,편람','670','390','1992','031-한16ㅎ-26'),(500,'행정정보문고센터','000(총류)','한국 민족문화대백과사전. 27 : 색인','670','390','1992','031-한16ㅎ-27'),(501,'행정정보문고센터','000(총류)','한국 민족문화대백과사전. 28 : 보유편','670','390','1992','031-한16ㅎ-28'),(502,'행정정보문고센터','000(총류)','한국 민족문화대백과사전. 3 : 곽기락~권익경','670','390','1995','031-한16ㅎ-3'),(503,'행정정보문고센터','000(총류)','한국 민족문화대백과사전. 4 : 권익관~김춘영','670','390','1995','031-한16ㅎ-4'),(504,'행정정보문고센터','000(총류)','한국 민족문화대백과사전. 5 : 김춘지~님의침묵','670','390','1995','031-한16ㅎ-5'),(505,'행정정보문고센터','000(총류)','한국 민족문화대백과사전. 6 : ㄷ~도자기','670','390','1995','031-한16ㅎ-6'),(506,'행정정보문고센터','000(총류)','한국 민족문화대백과사전. 7 : 도잠서원~모자곡옥','670','390','1995','031-한16ㅎ-7'),(507,'행정정보문고센터','000(총류)','한국 민족문화대백과사전. 8 : 모자반~박선생','670','390','1995','031-한16ㅎ-8'),(508,'행정정보문고센터','000(총류)','한국 민족문화대백과사전. 9 : 박석고개~복시','670','390','1995','031-한16ㅎ-9'),(509,'행정정보문고센터','000(총류)','韓國人名辭典 : 聯合年鑑 1988 年版 別冊','736','239','1988','059-연92ㅎ-1988'),(510,'행정정보문고센터','000(총류)','韓國人名辭典 : 聯合年鑑 1989 年版 別冊','736','239','1989','059-연92ㅎ-1989'),(511,'행정정보문고센터','000(총류)','韓國人名辭典 : 聯合年鑑 1991 年版 別冊','736','239','1991','059-연92ㅎ-1991'),(512,'행정정보문고센터','000(총류)','韓國人名辭典 : 聯合年鑑 1992 年版 別冊','736','239','1992','059-연92ㅎ-1992'),(513,'행정정보문고센터','000(총류)','韓國人名辭典 : 聯合年鑑 1993 年版 別冊','736','239','1993','059-연92ㅎ-1993'),(514,'행정정보문고센터','000(총류)','韓國人名辭典 : 聯合年鑑 1995 年版 別冊','736','239','1995','059-연92ㅎ-1995'),(515,'행정정보문고센터','000(총류)','韓國人名辭典 : 聯合年鑑 1997 年版 別冊','736','239','1997','059-연92ㅎ-1997'),(516,'행정정보문고센터','000(총류)','韓國人名辭典 : 聯合年鑑 1998 年版 別冊','736','239','1998','059-연92ㅎ-1998'),(517,'행정정보문고센터','000(총류)','(전자정부 SW 개발자·진단원을 위한) 공개SW를 활용한 소프트웨어 개발보안 점검가이드','694','11','2021','004.61-행74ㄱ'),(518,'행정정보문고센터','000(총류)','디지털 트윈 기술=Digital twin & digital transformation','145','182','2020','004.783-남52ㄷ'),(519,'행정정보문고센터','000(총류)','공공데이터 활용기업 실태조사 보고서. 2019년','695','11','2020','005.74-행74ㄱ-2019'),(520,'행정정보문고센터','000(총류)','공공데이터 개방 표준 : 행정안전부고시 제2018-1호','693','11','2018','005.75-행74ㄱ'),(521,'행정정보문고센터','000(총류)','빅데이터 분석 : 그것이 R고 싶다','524','292','2020','005.76-임25ㅂ'),(522,'행정정보문고센터','000(총류)','칠곡군 공무원 자치경영 해외특별연수','674','391','1996','007-한16ㅊ'),(523,'행정정보문고센터','000(총류)','콘텐츠 지식재산(IP) 과 가치사슬 변화 연구=A study on content intellectual property and changes of value chain','65','386','2021','011.204-김16ㅋ'),(524,'행정정보문고센터','000(총류)','출판기획.편집 실무강의','73','351','1993','012.9011-김26ㅊ'),(525,'행정정보문고센터','000(총류)','정부간행물 목록','550','299','1994','015.11-정46ㅈ-1994'),(526,'행정정보문고센터','000(총류)','정부간행물 목록','550','299','1995','015.11-정46ㅈ-1995'),(527,'행정정보문고센터','000(총류)','정부간행물 목록','550','299','1996','015.11-정46ㅈ-1996'),(528,'행정정보문고센터','000(총류)','정부간행물 목록','550','299','1997','015.11-정46ㅈ-1997'),(529,'행정정보문고센터','000(총류)','정부간행물 목록','550','299','1998','015.11-정46ㅈ-1998'),(530,'행정정보문고센터','000(총류)','정부물품목록','566','305','2003','015.11-조22ㅈ'),(531,'행정정보문고센터','000(총류)','行政資料目錄 : 地方行政, 地方財政, 都市問題誌에 揭載된 論文','725','430','[1990]','016.35-대16ㅎ'),(532,'행정정보문고센터','000(총류)','樂育齋古書 圖錄','723','429','1999','017.1-대16ㄴ'),(533,'행정정보문고센터','000(총류)','論文目錄集','724','430','1993','018.4-대16ㄴ'),(534,'행정정보문고센터','000(총류)','新聞社說索引目錄 : 1986.1 - 1990.12. 4','728','432','1991','018.7-대16-4'),(535,'행정정보문고센터','000(총류)','藏書目錄. 第2輯','727','430','1992','019-대16ㅈ-1992'),(536,'행정정보문고센터','000(총류)','臧書目錄. 第2輯','174','84','1994','019-대16ㅈ-2'),(537,'행정정보문고센터','000(총류)','藏書目錄. 第2輯','726','431','1992','019-북16ㅈ-1992'),(538,'행정정보문고센터','000(총류)','(政府行政資料室) 所臧資料目錄. 第15輯','739','438','1998','019-행74ㅅ-15'),(539,'행정정보문고센터','000(총류)','정보사회와 인문학','31','36','2000','020.13-고294ㅈ'),(540,'행정정보문고센터','000(총류)','정보사회와 인문학','32','36','2000','020.13-고294ㅈ=2'),(541,'행정정보문고센터','000(총류)','달성군 지역정보화 기본계획 : 2012~2016','167','80','2012','020.13-달54ㄷ-2012'),(542,'행정정보문고센터','000(총류)','(1996-2000) 정보화촉진 기본계획 : 해설서','673','389','1996','020.13-한16ㅈ'),(543,'행정정보문고센터','000(총류)','文獻情報學原論 . Ⅳ','556','396','2005','020-정898ㅁ-4'),(544,'행정정보문고센터','000(총류)','藥育祭 所藏 資料 目錄','170','429','2001','024.31-대16ㅇ'),(545,'행정정보문고센터','000(총류)','(2008) 도서관보. 제29호','168','81','2008','026.3-대16ㄷ-29'),(546,'행정정보문고센터','000(총류)','(2010) 도서관보. 제31호','168','81','2010','026.3-대16ㄷ-31'),(547,'행정정보문고센터','000(총류)','(2018) 도서관보 . 제39호','169','82','2018','026.3-대16ㄷ-39'),(548,'행정정보문고센터','000(총류)','(2019) 도서관보 . 제40호','169','82','2019','026.3-대16ㄷ-40'),(549,'행정정보문고센터','000(총류)','21세기 공공도서관 발전방향 및 모델개발연구','4','385','1996','026.3-한16ㅇ'),(550,'행정정보문고센터','000(총류)','작은도서관 운영매뉴얼','217','130','2014','026.6-류42ㅈ'),(551,'행정정보문고센터','000(총류)','작은도서관 업무편람','250','130','2014','026.6-문95ㅈ'),(552,'행정정보문고센터','000(총류)','새마을文庫運動 40年史','329','184','2000','026.6-새32ㅅ'),(553,'행정정보문고센터','000(총류)','(제2차)도서관발전종합계획(2014~2018)2015년도 시행계획','180','88','2015','026-대885ㄷ'),(554,'행정정보문고센터','000(총류)','(1997) 도서관 문고운영 사례','251','131','1996','026-문95ㄷ-1997'),(555,'행정정보문고센터','000(총류)','(客觀式)情報體系論','730','428','1992','028.1076-방54ㅈ'),(556,'행정정보문고센터','000(총류)','인독사감','166','79','2008','029 대16ㅇ'),(557,'행정정보문고센터','000(총류)','사가독서','229','114','2008','029 마52ㅅ'),(558,'행정정보문고센터','000(총류)','(Hakwon encyclopedia)교과서 관련 항목 찾아보기 : 국민학교.중학교','669','377','1996','031-학66ㄱ-1'),(559,'행정정보문고센터','000(총류)','(Hakwon encyclopedia)교과서 관련 항목 찾아보기 : 고등 학교','669','377','1996','031-학66ㄱ-2'),(560,'행정정보문고센터','000(총류)','달구벌의 메시지 : 스피치 150선','328','179','1998','040-삼68ㄷ'),(561,'행정정보문고센터','000(총류)','論文集. 第10輯','722','78','1996','051-대16ㄴ-10'),(562,'행정정보문고센터','000(총류)','論文集. 第22輯','5','433','1993','051-대16ㄴ-22'),(563,'행정정보문고센터','000(총류)','論文集. 第31輯','171','83','1996','051-대16ㄴ-31'),(564,'행정정보문고센터','000(총류)','자료집 : 한국편·북한편·세계편','410','239','1993','059.09-연92ㅈ'),(565,'행정정보문고센터','000(총류)','東亞年鑑 別冊 : 1990 : 韓國人名錄','731','100','1990','059.11-동62ㄷ-1990-1'),(566,'행정정보문고센터','000(총류)','東亞年鑑 別冊 : 1990 : 韓國,外國人名錄','731','100','1990','059.11-동62ㄷ-1990-2'),(567,'행정정보문고센터','000(총류)','東亞年鑑 : 別冊. 1991 , 韓國人名錄','733','434','1991','059.11-동62ㄷ-1991-1'),(568,'행정정보문고센터','000(총류)','東亞年鑑 : 別冊. 1991 , 韓國·外國人名錄','733','434','1991','059.11-동62ㄷ-1991-2'),(569,'행정정보문고센터','000(총류)','東亞年鑑 別冊 : 1992 : 韓國人名錄','731','100','1992','059.11-동62ㄷ-1992-1'),(570,'행정정보문고센터','000(총류)','東亞年鑑 別冊 : 1992 : 韓國,外國人名錄','731','100','1992','059.11-동62ㄷ-1992-2'),(571,'행정정보문고센터','000(총류)','東亞年鑑 別冊 : 1993 : 韓國人名錄','731','100','1993','059.11-동62ㄷ-1993-1'),(572,'행정정보문고센터','000(총류)','東亞年鑑 別冊 : 1993 : 韓國,外國人名錄','731','100','1993','059.11-동62ㄷ-1993-2'),(573,'행정정보문고센터','000(총류)','東亞年鑑 別冊 : 1995 : 韓國人名錄','731','100','1995','059.11-동62ㄷ-1995-1'),(574,'행정정보문고센터','000(총류)','東亞年鑑 別冊 : 1995 : 韓國,外國人名錄','731','100','1995','059.11-동62ㄷ-1995-2'),(575,'행정정보문고센터','000(총류)','東亞年鑑 : 別冊. 1996 , 韓國·外國人名錄','733','434','1996','059.11-동62ㄷ-1996'),(576,'행정정보문고센터','000(총류)','東亞年鑑. 1996 , 韓國·外國人名錄','732','434','1994','059.11-동62ㄷ-1996=2'),(577,'행정정보문고센터','000(총류)','東亞年鑑 別冊 : 1997 : 韓國,外國人名錄','731','100','1997','059.11-동62ㄷ-1997'),(578,'행정정보문고센터','000(총류)','동아연감 , 한국·외국인명록. 1997','188','100','1997','059.11-동62ㄷ-1997'),(579,'행정정보문고센터','000(총류)','東亞年鑑 : 別冊. 1998 , 韓國·外國人名錄','733','434','1998','059.11-동62ㄷ-1998'),(580,'행정정보문고센터','000(총류)','동아연감 , 한국인명록. 2007','189','100','2007','059.11-동62ㄷ-2007'),(581,'행정정보문고센터','000(총류)','한국의 窓. 2008 , 현직인명록','190','100','2008','059.11-동62ㅎ-2008'),(582,'행정정보문고센터','000(총류)','한국의 窓 2009 : 인명록','1','100','2009','059.11-동62ㅎ-2009'),(583,'행정정보문고센터','000(총류)','한국의 窓. 2014 , 인명록','189','100','2014','059.11-동62ㅎ-2014'),(584,'행정정보문고센터','000(총류)','每日年鑑 : 別冊 , 人名錄·1987','172','118','1987','059.11-매68ㅁ-1987'),(585,'행정정보문고센터','000(총류)','每日年鑑 : 人名錄 1988','237','118','1988','059.11-매68ㅁ-1988'),(586,'행정정보문고센터','000(총류)','東亞年鑑. 1990','733','434','1990','059-동62ㄷ-1990'),(587,'행정정보문고센터','000(총류)','東亞年鑑. 1991','733','434','1991','059-동62ㄷ-1991'),(588,'행정정보문고센터','000(총류)','東亞年鑑. 1992','733','434','1992','059-동62ㄷ-1992'),(589,'행정정보문고센터','000(총류)','東亞年鑑 : 1993','731','434','1993','059-동62ㄷ-1993'),(590,'행정정보문고센터','000(총류)','東亞年鑑 : 1995','731','434','1993','059-동62ㄷ-1995'),(591,'행정정보문고센터','000(총류)','東亞年鑑. 1996','732','434','1994','059-동62ㄷ-1996'),(592,'행정정보문고센터','000(총류)','東亞年鑑 : 1996','731','434','1993','059-동62ㄷ-1996'),(593,'행정정보문고센터','000(총류)','東亞年鑑 1997  = DONG-A YEARBOOK','188','100','1997','059-동62ㄷ-1997'),(594,'행정정보문고센터','000(총류)','東亞年鑑. 1997','188','100','1997','059-동62ㄷ-1997'),(595,'행정정보문고센터','000(총류)','東亞年鑑. 1998','733','434','1998','059-동62ㄷ-1998'),(596,'행정정보문고센터','000(총류)','동아연감 2007  = Dong-A yearbook','188','100','2007','059-동62ㄷ-2007'),(597,'행정정보문고센터','000(총류)','東亞年鑑 : 別冊. 1996 , 50대 그룹 임원록','733','434','1996','059-동62도-1996'),(598,'행정정보문고센터','000(총류)','東亞年鑑 : 別冊. 1996 , 50대 그룹 임원록','733','434','1996','059-동62도-1996'),(599,'행정정보문고센터','000(총류)','한국의 窓. 2008 , 동아연감','190','100','2008','059-동62ㅎ-2008'),(600,'행정정보문고센터','000(총류)','한국의 窓 2009 : 동아연감','1','100','2009','059-동62ㅎ-2009'),(601,'행정정보문고센터','000(총류)','한국의 窓. 2014 , 동아연감','189','100','2014','059-동62ㅎ-2014'),(602,'행정정보문고센터','000(총류)','每日年鑑 : 1987','173','118','1987','059-매68ㅁ-1987'),(603,'행정정보문고센터','000(총류)','每日年鑑 : 1988','173','118','1988','059-매68ㅁ-1988'),(604,'행정정보문고센터','000(총류)','매일명감 : 1996','238','118','1996','059-매68ㅁ-1996'),(605,'행정정보문고센터','000(총류)','매일명감 : 1999','238','118','1996','059-매68ㅁ-1999'),(606,'행정정보문고센터','000(총류)','연합연감 : 1999  = Yonhap Yearbook','408','238','1999','059-연92ㅇ-1999'),(607,'행정정보문고센터','000(총류)','연합연감 : 1999  = Yonhap Yearbook','408','238','1999','059-연92ㅇ-1999=2'),(608,'행정정보문고센터','000(총류)','연합연감 : 2002  = Yonhap Yearbook','408','238','2002','059-연92ㅇ-2002'),(609,'행정정보문고센터','000(총류)','연합연감 : 2002  = Yonhap Yearbook','408','238','2002','059-연92ㅇ-2002=2'),(610,'행정정보문고센터','000(총류)','資料集 : 聯合年鑑 1992년판 별책','409','346','1992','059-연92ㅈ-1992'),(611,'행정정보문고센터','000(총류)','資料集. 1995','738','437','1995','059-연92ㅈ-1995'),(612,'행정정보문고센터','000(총류)','資料集. 1997','738','437','1997','059-연92ㅈ-1997'),(613,'행정정보문고센터','000(총류)','資料集. 1998','738','437','1998','059-연92ㅈ-1998'),(614,'행정정보문고센터','000(총류)','자료집. 2002','3','238','2002','059-연92ㅈ-2002'),(615,'행정정보문고센터','000(총류)','회의 진행법 강의','740','145','1993','060.1-허95ㅎ'),(616,'행정정보문고센터','000(총류)','시도연구원총람1999','365','215','1999','060-시25ㅅ'),(617,'행정정보문고센터','000(총류)','대구투자금융10년사','396','85','1990','060-양883ㄷ'),(618,'행정정보문고센터','000(총류)','(2004·2005) 국립대구박물관 年報','44','40','2005','069.059-국298ㄱ-2005'),(619,'행정정보문고센터','000(총류)','聯合年鑑. 1988','737','437','1988','070.059-연92ㅇ-1988'),(620,'행정정보문고센터','000(총류)','聯合年鑑. 1989','737','437','1989','070.059-연92ㅇ-1989'),(621,'행정정보문고센터','000(총류)','聯合年鑑. 1991','737','437','1991','070.059-연92ㅇ-1991'),(622,'행정정보문고센터','000(총류)','聯合年鑑. 1992','737','437','1992','070.059-연92ㅇ-1992'),(623,'행정정보문고센터','000(총류)','聯合年鑑. 1993','737','437','1993','070.059-연92ㅇ-1993'),(624,'행정정보문고센터','000(총류)','聯合年鑑. 1995','737','437','1995','070.059-연92ㅇ-1995'),(625,'행정정보문고센터','000(총류)','聯合年鑑. 1997','737','437','1997','070.059-연92ㅇ-1997'),(626,'행정정보문고센터','000(총류)','聯合年鑑. 1998','737','437','1998','070.059-연92ㅇ-1998'),(627,'행정정보문고센터','000(총류)','연합연감  = Yonhap yearbook. 2004','407','238','2004','070.059-연92ㅇ-2004'),(628,'행정정보문고센터','000(총류)','연합연감  = Yonhap yearbook. 2005','407','238','2004','070.059-연92ㅇ-2005'),(629,'행정정보문고센터','000(총류)','연합연감  = Yonhap yearbook. 2006','407','238','2006','070.059-연92ㅇ-2006'),(630,'행정정보문고센터','000(총류)','보도사진연감. 1994','672','388','1994','070.423059-한16ㅂ-1994'),(631,'행정정보문고센터','000(총류)','보도사진연감. 1995','672','388','1995','070.423059-한16ㅂ-1995'),(632,'행정정보문고센터','000(총류)','보도사진연감. 2014 , 스포츠·피처','672','388','2014','070.423059-한16ㅂ-2014'),(633,'행정정보문고센터','000(총류)','보도사진연감. 2014 , 뉴스','672','388','2014','070.423059-한16ㅂ-2014'),(634,'행정정보문고센터','000(총류)','정책홍보 보도자료 작성 실무','128','345','2020','070.42-김883ㅈ'),(635,'행정정보문고센터','000(총류)','보도내용 모음집 : 2002부산 아시아경기대회','559','302','2002','070.436-제58ㅂ'),(636,'행정정보문고센터','000(총류)','벼룩시장 10년사 : 1990~2000','299','187','2000','070.489-벼296ㅂ'),(637,'행정정보문고센터','000(총류)','(\'95∼\'96)월드뉴스 年鑑 : 특파원 보고 24時','332','199','1995','070.4-서66ㅇ'),(638,'행정정보문고센터','000(총류)','(記者가 본)\'96 100대 뉴스 : 事件365日','742','439','1996','070.4-한16ㅂ-1996'),(639,'행정정보문고센터','000(총류)','(2000 기자가 본)100大 뉴스','677','394','2000','070.4-한16ㅂ-2000'),(640,'행정정보문고센터','000(총류)','(2001 기자가 본)100大뉴스','676','394','2001','070.4-한16ㅂ-2001'),(641,'행정정보문고센터','000(총류)','(2001 기자가 본)100大뉴스','676','394','2001','070.4-한16ㅂ-2001=2'),(642,'행정정보문고센터','000(총류)','(2002 기자가 본)100大 뉴스','677','394','2002','070.4-한16ㅂ-2002'),(643,'행정정보문고센터','000(총류)','(2003 기자가 본)100大 뉴스','677','394','2003','070.4-한16ㅂ-2003'),(644,'행정정보문고센터','000(총류)','(2004 기자가 본)100大 뉴스','677','394','2004','070.4-한16ㅂ-2004'),(645,'행정정보문고센터','000(총류)','(2005 기자가 본)100大뉴스','675','393','2005','070.4-한16ㅂ-2005'),(646,'행정정보문고센터','000(총류)','(2006 기자가 본)100大 뉴스','677','394','2006','070.4-한16ㅂ-2006'),(647,'행정정보문고센터','000(총류)','(2006 기자가 본)100大 뉴스','677','394','2006','070.4-한16ㅂ-2006'),(648,'행정정보문고센터','000(총류)','대구언론 100年史','601','407','2016','070.9-최44ㄷ'),(649,'행정정보문고센터','000(총류)','每日新聞五十年史 : 1946年-1996年 : 別冊','734','435','1996','071.1-매68ㅁ'),(650,'행정정보문고센터','000(총류)','每日新聞五十年史 : 1946年-1996年','734','118','1996','071.1-매68매'),(651,'행정정보문고센터','000(총류)','한국현대사 119대사전 : 체험기와 특종사진','427','259','1993','090-월12ㅎ'),(652,'행정정보문고센터','100(철학)','소크라테스는 왜 우리 집 벨을 눌렀을까','60','254','2019','100-김14ㅅ'),(653,'행정정보문고센터','100(철학)','모든 것은 빛난다','719','172','2013','100-드294ㅁ'),(654,'행정정보문고센터','100(철학)','모든 것은 빛난다','719','172','2013','100-드294ㅁ=2'),(655,'행정정보문고센터','100(철학)','소설이 묻고 철학이 답하다 : 문득 당연한 것이 궁금해질 때 철학에 말 걸어보는 연습','276','315','2018','100-박64ㅅ'),(656,'행정정보문고센터','100(철학)','철학은 어떻게 삶의 무기가 되는가 : 불확실한 삶을 돌파하는 50가지 생각 도구','393','72','2019','100-야32ㅊ'),(657,'행정정보문고센터','100(철학)','비트겐슈타인은 왜 말놀이판에 나섰을까','395','327','2001','100-양66ㅂ=2'),(658,'행정정보문고센터','100(철학)','알아두면 잘난 척하기 딱 좋은 철학잡학사전','424','333','2018','100-왕68ㅇ'),(659,'행정정보문고센터','100(철학)','퇴계에게 묻는 삶의 철학','511','241','2018','100-이88ㅌ'),(660,'행정정보문고센터','100(철학)','(읽기만 하면 내 것이 되는) 1페이지 철학 365=The history of philosophy','620','166','2020','100-최96ㅇ'),(661,'행정정보문고센터','100(철학)','한입 매일 철학 : 일상의 무기가 되어줄 20가지 생각 도구들','715','317','2018','100-황78ㅎ'),(662,'행정정보문고센터','100(철학)','삐뚤빼뚤 질문해도 괜찮아','720','95','2016','100-희32ㅃ'),(663,'행정정보문고센터','100(철학)','경제학자 철학에 답하다','359','151','2012','101-랜77ㄱ'),(664,'행정정보문고센터','100(철학)','철학의 이해 : 토론하는 철학수업','548','339','2014','101-정38ㅊ'),(665,'행정정보문고센터','100(철학)','철학개그 콘서트 : 철학, 개그처럼 즐겨라!','645','107','2010','102-캐57ㅊ'),(666,'행정정보문고센터','100(철학)','철학이 필요한 시간 : 강신주의 인문학 카운슬링','25','169','2011','104-강58ㅊ'),(667,'행정정보문고센터','100(철학)','철학의 시대 : 사유에는 힘이 있다 = (The) age of philosophy','26','411','2013','104-강64ㅊ'),(668,'행정정보문고센터','100(철학)','생각한다는것  : 고병권 선생님의 철학이야기','34','65','2016','104-고44ㅅ'),(669,'행정정보문고센터','100(철학)','비판적 사고=Critical thinking','86','180','2021','104-김54ㅂ'),(670,'행정정보문고센터','100(철학)','시대의 철학 : 실천의 힘을 찾는다 = (The) philosophy of the times','85','411','2013','104-김54ㅅ'),(671,'행정정보문고센터','100(철학)','김광석 우리 삶의 노래 : 철학자 김용석의 `김광석과 함께 철학하기`','100','337','2016','104-김65ㄱ'),(672,'행정정보문고센터','100(철학)','사소한 것들의 구원  : 미학하는 사람 김용석의 하루의 사고','100','337','2019','104-김65ㅅ'),(673,'행정정보문고센터','100(철학)','오래된 거짓 그리고 숨겨진 진실','741','293','2015','104-김66ㅇ'),(674,'행정정보문고센터','100(철학)','세상 청바지 정의로운 사회는 가능할까','124','257','2006','104-김82ㅅ'),(675,'행정정보문고센터','100(철학)','5분 뚝딱 철학 : 생각의 역사','130','208','2020','104-김898ㅇ'),(676,'행정정보문고센터','100(철학)','차별 감정의 철학 : 타인에 대한 부정적 감정을 어떻게 마주할 것인가','142','141','2018','104-나872ㅊ'),(677,'행정정보문고센터','100(철학)','돼지가 철학에 빠진 날','360','51','2001','104-로57ㄷ'),(678,'행정정보문고센터','100(철학)','돼지가 철학에 빠진 날','360','51','2001','104-로57ㄷ=2'),(679,'행정정보문고센터','100(철학)','철학학교. 1','362','326','2004','104-로57ㅊ-1'),(680,'행정정보문고센터','100(철학)','철학학교. 1','362','326','2004','104-로57ㅊ-1=2'),(681,'행정정보문고센터','100(철학)','무의미한 날들을 위한 철학 : 어제와 다른 오늘을 만들어줄 의미 찾기의 기술','656','232','2021','104-마297ㅁ'),(682,'행정정보문고센터','100(철학)','행복을 찾아가는 자기 돌봄','639','91','2016','104-뮌877ㅊ'),(683,'행정정보문고센터','100(철학)','유쾌한 딜레마 여행','590','382','2007','104-바76ㅇ'),(684,'행정정보문고센터','100(철학)','미성숙한 사람들의 사회','254','344','2016','104-빈884ㅁ'),(685,'행정정보문고센터','100(철학)','새길을 연 사람들 : 인류사에 새로운 길을 개척하다','343','231','2016','104-손54ㅅ'),(686,'행정정보문고센터','100(철학)','철학은 어떻게 삶이 되는가 : 아름다운 삶을 위한 철학 기술','316','330','2017','104-슈38ㅊ'),(687,'행정정보문고센터','100(철학)','서툰 인생을 위한 철학 수업 : 삶의 길목에서 다시 펼쳐든 철학자들의 인생론','381','232','2016','104-안15ㅅ'),(688,'행정정보문고센터','100(철학)','니체와 장자는 이렇게 말했다 : 철학은 어떻게 나다운 삶을 살아가게 하는가','394','363','2020','104-양57ㄴ'),(689,'행정정보문고센터','100(철학)','니체라면 어떻게 할까 : 위대한 철학자들에게서 듣는 일상 속 고민 해결법!','234','212','2017','104-윅57ㄴ'),(690,'행정정보문고센터','100(철학)','철학과 굴뚝청소부 : 데카르트에서 들뢰즈까지 근대 철학의 경계들','508','42','2013','104-이78ㅊ'),(691,'행정정보문고센터','100(철학)','열네 살 너에게','513','253','2011','104-이874ㅇ'),(692,'행정정보문고센터','100(철학)','철학자의 사물들 : 物','533','95','2013','104-장54ㅊ'),(693,'행정정보문고센터','100(철학)','인간이라는 직업 : 고통에 대한 숙고','387','127','2015','104-졸298ㅇ'),(694,'행정정보문고센터','100(철학)','삶은 어떻게 철학이 되는가 : 더 자유롭고 지혜로운 삶을 위한 철학의 지혜','599','164','2015','104-천72ㅅ'),(695,'행정정보문고센터','100(철학)','탁월한 사유의 시선 : 우리가 꿈꾸는 시대를 위한 철학의 힘','616','5','2017','104-최78ㅌ'),(696,'행정정보문고센터','100(철학)','당신의 삶을 결정하는 것들 : 하버드대 최고 인류학자 아서 클라인만의 위대한 수업','377','154','2016','104-클292ㄷ'),(697,'행정정보문고센터','100(철학)','조금 불편한 용서','354','58','2020','104-플292ㅈ'),(698,'행정정보문고센터','100(철학)','하버드, 철학을 인터뷰하다  : 세계 석학에게 듣는 사유의 최전선','665','94','2010','104-하44ㅎ'),(699,'행정정보문고센터','100(철학)','대논쟁! 철학 배틀','668','72','2017','104-하882ㄷ'),(700,'행정정보문고센터','100(철학)','사물의 철학 = Philosophy of things : 질문으로 시작하여 사유로 깊어지는 인문학 수업','691','203','2015','104-함25ㅅ'),(701,'행정정보문고센터','100(철학)','코끼리를 삼킨 사물들 : 보이지 않는 것에 닿는 사물의 철학','692','203','2018','104-함25ㅋ'),(702,'행정정보문고센터','100(철학)','철학아, 내 고민 좀 풀어 줘! : 위대한 철학자들과 함께 떠나는 인생철학 강의','711','285','2015','104-황52ㅊ'),(703,'행정정보문고센터','100(철학)','논어','39','420','2018','108-슬18ㅎ-1'),(704,'행정정보문고센터','100(철학)','맹자','241','420','2018','108-슬18ㅎ-2'),(705,'행정정보문고센터','100(철학)','대학·중용','585','420','2018','108-슬18ㅎ-3'),(706,'행정정보문고센터','100(철학)','명심보감','622','420','2018','108-슬18ㅎ-4'),(707,'행정정보문고센터','100(철학)','채근담','706','420','2018','108-슬18ㅎ-5'),(708,'행정정보문고센터','100(철학)','웃으면서 이기는 바보의 비밀 : 이성을 버리면 답이 보인다','429','279','2009','109-니57ㅇ'),(709,'행정정보문고센터','100(철학)','학문의 진화 : 학문 개념의 변화와 새로운 형이상학','275','46','2015','110-박57ㅎ'),(710,'행정정보문고센터','100(철학)','진실사회 : 거짓은 어떻게, 누구에 의해 진실이 되는가','589','246','2018','112.5-바76ㅈ'),(711,'행정정보문고센터','100(철학)','내용 없는 인간','567','294','2017','112.7-아12ㄴ'),(712,'행정정보문고센터','100(철학)','의식혁명','186','399','2008','114.1-호24ㅇ'),(713,'행정정보문고센터','100(철학)','죽을 때 후회하는 스물다섯 가지, 1000명의 죽음을 지켜본 호스피스 전문의가 말하는','419','221','2015','114.504-오85ㅈ'),(714,'행정정보문고센터','100(철학)','내 인생 저만치에 죽음이 : 건강한 사회를 위한 웰다잉','29','8','2017','114.5-김15ㄴ'),(715,'행정정보문고센터','100(철학)','죽어가는 자의 고독','150','127','2012','114.5-엘298ㅈ'),(716,'행정정보문고센터','100(철학)','죽음 이후의 삶','194','412','2007','114.5-초89ㅈ'),(717,'행정정보문고센터','100(철학)','그래도 계속 가라','568','307','2008','114-마54ㄱ'),(718,'행정정보문고센터','100(철학)','위기의 이성 : 비합리적 세상에서 합리적 회의주의자가 되는 법','588','7','2017','114-바76ㅇ'),(719,'행정정보문고센터','100(철학)','굿바이 카뮈 : 삶의 의미를 찾는 시지프스의 생각 여행','485','374','2012','114-이66ㄱ'),(720,'행정정보문고센터','100(철학)','(개념을 잡아라!) 논리내공(論理內功)','581','282','2004','115.4-윌57ㄴ=2'),(721,'행정정보문고센터','100(철학)','의심에 대한 옹호 : 믿음의 폭력성을 치유하기 위한 `의심의 계보학`','661','175','2010','115.63-버14ㅇ'),(722,'행정정보문고센터','100(철학)','과학 시대의 이성','686','330','2009','115.68-가22ㄱ'),(723,'행정정보문고센터','100(철학)','나는 왜 시간에 쫓기는가 : 삶을 변화시킬 새로운 시간의 심리학','664','368','2016','115-짐42ㄴ'),(724,'행정정보문고센터','100(철학)','노예냐 자유냐','153','69','2015','123.1-베297ㄴ'),(725,'행정정보문고센터','100(철학)','무엇이 인간을 만드는가','562','330','2020','126.1-케69ㅁ'),(726,'행정정보문고센터','100(철학)','어떻게 죽을 것인가','380','151','2015','126.5-가65ㅇ'),(727,'행정정보문고센터','100(철학)','나는 어떻게 죽을 것인가  : 아름다운 소멸을 위한 생의 마지막 질문','592','6','2016','126.5-강64ㄴ'),(728,'행정정보문고센터','100(철학)','죽음의 에티켓 : 나 자신과 사랑하는 이의 죽음에 대한 모든 것','211','17','2019','126.5-슐85ㅈ'),(729,'행정정보문고센터','100(철학)','죽음이란 무엇인가 : 예일대 17년 연속 최고의 명강의','338','237','2017','126.5-케68ㅈ'),(730,'행정정보문고센터','100(철학)','인간은 언제부터 지루해했을까 : 한가함과 지루함의 윤리학','36','397','2014','126-고876ㅇ'),(731,'행정정보문고센터','100(철학)','에고 트릭','587','138','2012','126-바78ㅇ'),(732,'행정정보문고센터','100(철학)','두려움과의 대화','647','197','2014','126-새28ㄷ'),(733,'행정정보문고센터','100(철학)','(새벽에 혼자 읽는) 주역인문학 : 세상에서 가장 쉬운 주역 공부','94','71','2017','141.2-김57ㅈ'),(734,'행정정보문고센터','100(철학)','사주 경영학 : 운을 놓치지 않는 사람들의 비밀','102','167','2017','141.2-김66ㅅ'),(735,'행정정보문고센터','100(철학)','예기 : 모두들 알지만 아무도 안 본 사서오경','56','200','2009','144.3-주86ㅇ'),(736,'행정정보문고센터','100(철학)','논어로 대학을 풀다 : 이한우의 사서 삼경','515','411','2013','148.1-이92ㄴ'),(737,'행정정보문고센터','100(철학)','오십, 중용이 필요한 시간 : 기울지도 치우치지도 않는 인생을 만나다','373','5','2019','148.2-신74ㅇ'),(738,'행정정보문고센터','100(철학)','일생에 한번은 논어를 써라 : 내 마음과 삶이 변화하는 고전 쓰기의 힘','374','344','2014','148.3-신82ㅇ'),(739,'행정정보문고센터','100(철학)','공자와 논어. 1, 입지 뜻을 세우다','460','93','2013','148.3-이195ㄱ-1'),(740,'행정정보문고센터','100(철학)','공자와 논어. 2, 의를 행하다','460','93','2013','148.3-이195ㄱ-2:'),(741,'행정정보문고센터','100(철학)','공자와 논어. 3, 배우고 또 익히다','460','93','2013','148.3-이195ㄱ-3'),(742,'행정정보문고센터','100(철학)','논어. 4','463','33','2008','148.3-이25ㄴ-4'),(743,'행정정보문고센터','100(철학)','(도가 사라진 세상, 진정한 도를 찾아 떠나는) 이우재의 논어 읽기','484','160','2013','148.3-이66ㅇ'),(744,'행정정보문고센터','100(철학)','(청소년을 위한) 논어 이야기','729','290','2009','148.3-장13ㄴ'),(745,'행정정보문고센터','100(철학)','좌파논어','583','56','2014','148.3-주23ㅈ'),(746,'행정정보문고센터','100(철학)','통쾌한 동양학','71','46','2011','150-김24ㅌ'),(747,'행정정보문고센터','100(철학)','사람다움이란 무엇인가 : 인(仁)의 3천년 역사에 깃든 상생의 힘','373','46','2011','150-신73ㅅ'),(748,'행정정보문고센터','100(철학)','적을 만들지 않는 고전 공부의 힘 : 2,500년 동양고전에서 찾은 관계 인문학','575','265','2016','150-조66ㅈ'),(749,'행정정보문고센터','100(철학)','석문사상','688','201','2018','150-한74ㅅ'),(750,'행정정보문고센터','100(철학)','퇴계처럼 : 조선 최고의 리더십을 만난다','79','46','2013','151.53-김44ㅌ'),(751,'행정정보문고센터','100(철학)','퇴계처럼 : 조선 최고의 리더십을 만난다','79','46','2013','151.53-김44ㅌ=2'),(752,'행정정보문고센터','100(철학)','퇴계처럼 : 조선 최고의 리더십을 만난다','79','46','2013','151.53-김44ㅌ=3'),(753,'행정정보문고센터','100(철학)','퇴계처럼 : 조선 최고의 리더십을 만난다','79','46','2013','151.53-김44ㅌ=4'),(754,'행정정보문고센터','100(철학)','퇴계처럼 : 조선 최고의 리더십을 만난다','79','46','2013','151.53-김44ㅌ=5'),(755,'행정정보문고센터','100(철학)','퇴계처럼 : 조선 최고의 리더십을 만난다','79','46','2013','151.53-김44ㅌ=6'),(756,'행정정보문고센터','100(철학)','퇴계처럼 : 조선 최고의 리더십을 만난다','79','46','2013','151.53-김44ㅌ=7'),(757,'행정정보문고센터','100(철학)','편지를 통해 본 퇴계의 인간상 : 퇴계, 편지로 시대와 소통하다','495','241','2011','151.53-이75ㅍ'),(758,'행정정보문고센터','100(철학)','(이황·기대승) 사단칠정을 논하다','519','330','2014','151.53-이95ㅅ'),(759,'행정정보문고센터','100(철학)','퇴계선집','518','414','2008','151.53-이95ㅌ'),(760,'행정정보문고센터','100(철학)','정약용의 고해 : 스스로에게 건네는 생의 마지막 고백 : 自撰墓誌銘','374','344','2016','151.58099-신82ㅈ'),(761,'행정정보문고센터','100(철학)','파란  = 波瀾 : 다산의 두 하늘, 천주와 정조. 1','549','337','2019','151.581-정38ㅍ-1'),(762,'행정정보문고센터','100(철학)','파란  = 波瀾 : 다산의 두 하늘, 천주와 정조. 2','549','337','2019','151.581-정38ㅍ-2'),(763,'행정정보문고센터','100(철학)','다산의 마지막 습관 : 기본으로 돌아간다는 것','594','341','2020','151.581-조66ㄷ'),(764,'행정정보문고센터','100(철학)','다산의 마지막 공부 : 마음을 지켜낸다는 것','575','341','2018','151.581-조66ㄷ'),(765,'행정정보문고센터','100(철학)','다산의 마지막 습관 : 기본으로 돌아간다는 것','594','341','2020','151.581-조66ㄷ=2'),(766,'행정정보문고센터','100(철학)','우탁선생의사상과역동서원역사','165',NULL,'2008','151.5-우164ㅇ'),(767,'행정정보문고센터','100(철학)','횡설과 수설 : 400년을 이어온 성리 논쟁에 대한 언어분석적 해명','473','10','2012','151.5-이57ㅎ'),(768,'행정정보문고센터','100(철학)','공자가 죽어야 나라가 산다','61','141','1999','151-김14ㄱ'),(769,'행정정보문고센터','100(철학)','선비처럼','79','54','2015','151-김44ㅅ'),(770,'행정정보문고센터','100(철학)','선비처럼','79','54','2015','151-김44ㅅ=2'),(771,'행정정보문고센터','100(철학)','공자가 살아야 나라가 산다 : 밀레니엄 유교문화 바로보기','602','218','1999','151-최44ㄱ'),(772,'행정정보문고센터','100(철학)','공자의 인생 강의 : 논어, 인간의 길을 묻다','373','424','2016','152.212-신74ㄱ'),(773,'행정정보문고센터','100(철학)','맹자씨, 정의가 이익이라고요  : 《맹자》단단히 읽기','240','365','2019','152.216-맹72ㅁ'),(774,'행정정보문고센터','100(철학)','지금, 혼자라면 맹자를 만나라 : 나를 위한 맹자인문학','260','364','2016','152.216-박14ㅈ'),(775,'행정정보문고센터','100(철학)','맹자여행기 = 追孟子之旅 : 절망의 시대, 사람의 길을 묻다!','373','234','2016','152.216-신74ㅁ'),(776,'행정정보문고센터','100(철학)','유가사상의 사회철학적 재조명','473','36','2001','152.21-이57ㅇ'),(777,'행정정보문고센터','100(철학)','나를 지켜낸다는 것 : 칭화대 10년 연속 최고의 명강, 수신의 길','650','265','2014','152.21-팡82ㄴ'),(778,'행정정보문고센터','100(철학)','노자와 21세기 : 도올 김용옥이 말하는:, 동아시아 문명의 새로운 축','101','354','2000','152.222-김65ㄴ-상'),(779,'행정정보문고센터','100(철학)','도덕경','735','414','2009','152.222-노72ㄷ'),(780,'행정정보문고센터','100(철학)','노자와 인생이라는 바둑을 두다 : 통찰의 발견, 도덕경을 읽는 새로운 즐거움','423','103','2018','152.222-왕68ㄴ'),(781,'행정정보문고센터','100(철학)','노자 : 사람을 사귀고 다스리는 지혜의 철학','488','325','2014','152.222-이67ㄴ'),(782,'행정정보문고센터','100(철학)','장자, 잡편 = Chuang Tzu : the miscellaneous chapters','284','271','2015','152.226-박68ㅈ'),(783,'행정정보문고센터','100(철학)','장자, 외편 = Chuang Tzu : the external chapters','284','271','2015','152.226-박68자'),(784,'행정정보문고센터','100(철학)','장자  : 우주와 인생의 깊은 뜻','413','414','2013','152.226-오12ㅈ'),(785,'행정정보문고센터','100(철학)','노자와 장자 : 무위와 소요의 철학','454','49','2005','152.22-이12ㄴ'),(786,'행정정보문고센터','100(철학)','한비자의 관계술 : 허정과 무위로 속내를 위장하는 법','103','265','2012','152.25-김66ㅎ'),(787,'행정정보문고센터','100(철학)','(제자백가의 위대한 종합) 여씨춘추','406','46','2012','152.28-여46ㅇ'),(788,'행정정보문고센터','100(철학)','죽기 전에 논어를 읽으며 장자를 꿈꾸고 맹자를 배워라','89','209','2012','152.2-김54ㅈ'),(789,'행정정보문고센터','100(철학)','제자백가','96','97','2009','152.2-김64ㅈ'),(790,'행정정보문고센터','100(철학)','(제자백가의) 숲에서나를힐링하라','411','247','2015','152.2-열72ㅅ'),(791,'행정정보문고센터','100(철학)','백가쟁명','498','233','2010','152.2-이76ㅂ'),(792,'행정정보문고센터','100(철학)','소금, 쇠, 술 : 어떻게 백성들의 고통을 덜어줄 것인가','709','291','2016','152.32-환15ㅅ'),(793,'행정정보문고센터','100(철학)','소학','586','419','2011','152.416-주97ㅅ'),(794,'행정정보문고센터','100(철학)','생활의 발견','223','145','2011','152.7-임64ㅅ'),(795,'행정정보문고센터','100(철학)','죽기 전에 사기를 공부하고 삼국지를 통하고 홍루몽을 즐겨라  : 절대지식 동양고전','90','209','2012','152-김54ㅈ'),(796,'행정정보문고센터','100(철학)','죽기 전에 사기를 공부하고 삼국지를 통하고 홍루몽을 즐겨라  : 절대지식 동양고전','90','209','2012','152-김54ㅈ=2'),(797,'행정정보문고센터','100(철학)','강의 : 나의 동양고전 독법','370','94','2013','152-신64ㄱ'),(798,'행정정보문고센터','100(철학)','죽기 전에 한 번은 동양고전에 미쳐라 지식 : 다시 시작하는 동양고전의 인문학 개론 지식','517','207','2015','152-이94ㅈ'),(799,'행정정보문고센터','100(철학)','임제 : 오쇼 라즈니쉬의 임제어록 강의','416','352','1994','155.9-라77ㅇ'),(800,'행정정보문고센터','100(철학)','초월의 명상 : 삶과 죽음을 초월하는 오쇼의 명상 강의','415','304','2017','155.9-오55ㅊ'),(801,'행정정보문고센터','100(철학)','플라톤의 대화편','659','325','2009','160.23-플292ㅍ'),(802,'행정정보문고센터','100(철학)','명상록','224','206','2007','160.258-아66ㅁ'),(803,'행정정보문고센터','100(철학)','데일리 필로소피=Daily philosophy : 아침을 바꾸는 철학자의 질문','197','73','2021','160.25-홀298ㄷ'),(804,'행정정보문고센터','100(철학)','생각하는 여자는 괴물과 함께 잠을 잔다 : 한나 아렌트, 가야트리 차크라보르티 스피박, 주디스 버틀러, 도나 J. 해러웨이, 시몬 베유, 쥘리아 크리스테바','106','149','2017','160-김67ㅅ'),(805,'행정정보문고센터','100(철학)','(데리다&들뢰즈) 의미와 무의미의 경계에서','277','51','2009','160-박64ㅇ'),(806,'행정정보문고센터','100(철학)','5분 철학 : 누구나 궁금해하지만 답할 수 없는 80가지 이야기','560','436','2015','160-베194ㅇ'),(807,'행정정보문고센터','100(철학)','소크라테스 익스프레스 : 철학이 우리 인생에 스며드는 순간','401','232','2021','160-와68ㅅ'),(808,'행정정보문고센터','100(철학)','철학의 역사 : 삶과 죽음을 이야기하다 : 소크라테스부터 피터 싱어까지','140','204','2019','160-워44ㅊ'),(809,'행정정보문고센터','100(철학)','세상에서 가장 흥미로운 철학 이야기 : 근현대 편. [2]','464','424','2010','160-이25ㅅ-2'),(810,'행정정보문고센터','100(철학)','(영화로 읽는) 서양철학사','509','185','2014','160-이82ㅅ'),(811,'행정정보문고센터','100(철학)','철학의 유혹자 : 사랑을 말하다','646','117','2007','160-파885ㅊ'),(812,'행정정보문고센터','100(철학)','에덴을 넘어','630','406','2009','162.5-윌44ㅇ'),(813,'행정정보문고센터','100(철학)','헤겔','662','38','2019','165.4-싱64ㅎ'),(814,'행정정보문고센터','100(철학)','마르크스','662','38','2019','165.55-싱64ㅁ'),(815,'행정정보문고센터','100(철학)','철학과 마음의 치유 : 니체, 심층심리학, 철학상담치료','111','330','2013','165.77-김74ㅊ'),(816,'행정정보문고센터','100(철학)','미래를 창조하는 나 차라투스트라는 이렇게 말했다','658','223','2009','165.77-니84ㅁ'),(817,'행정정보문고센터','100(철학)','자기 결정 : 행복하고 존엄한 삶은 내가 결정하는 삶이다','652','273','2015','165.7-비64ㅈ'),(818,'행정정보문고센터','100(철학)','인간의 조건','680','398','2018','165.7-아294ㅇ'),(819,'행정정보문고센터','100(철학)','쇼펜하우어 & 니체 = Arthur Schopenhauer & Friedrich Nietzsche  : 철학자가 눈물을 흘릴 때','84','51','2011','165-김54ㅅ'),(820,'행정정보문고센터','100(철학)','지성교정론','296','49','2020','166.2-스898ㅈ'),(821,'행정정보문고센터','100(철학)','고독한 산책자의 몽상','531','274','2014','166.4-루55ㄱ'),(822,'행정정보문고센터','100(철학)','사랑에 관하여 : 21세기 새로운 삶의 방향을 제시하다','216','273','2015','166.8-페298ㅅ'),(823,'행정정보문고센터','100(철학)','철학의 무대 = Theatrum philosophicum','253','47','2016','166.8-푸875ㅊ'),(824,'행정정보문고센터','100(철학)','고릴라를 보려면 : 인포데믹스 시대, 뒤집어 보고 비틀어 보고 생각을 생각하라!','606','168','2021','170-최64ㄱ'),(825,'행정정보문고센터','100(철학)','논리는 나의 힘 : 생각의 힘을 길러 주는 논리 학습의 결정판','620','254','2015','170-최96ㄴ'),(826,'행정정보문고센터','100(철학)','하버드 논리학 수업 : 하버드 대학교 전설적 철학 교수의 기초 논리학 강의','428','269','2020','170-콰69하'),(827,'행정정보문고센터','100(철학)','왜 똑똑한 사람들이 헛소리를 믿게 될까 : 이성을 마비시키는 가짜 합리성에 대항하는 논리학 백신','361','136','2012','175-로57ㅇ'),(828,'행정정보문고센터','100(철학)','설득의 논리학:말과 글을 단련하는 10가지 논리도구','98','257','2007','179-김65ㅅ'),(829,'행정정보문고센터','100(철학)','천개의 공감 : 김형경 심리 치유 에세이','137','382','2006','180.4-김94ㅊ'),(830,'행정정보문고센터','100(철학)','천개의 공감 : 김형경 심리 치유 에세이','137','382','2006','180.4-김94ㅊ=2'),(831,'행정정보문고센터','100(철학)','심리학이 청춘에게 묻다 : ＇나＇를 잃어버린 20대를 위한 심리학 교실','555','104','2011','180.4-정84ㅅ'),(832,'행정정보문고센터','100(철학)','(정혜신의)사람 공부','558','326','2016','180.4-정94ㅅ'),(833,'행정정보문고센터','100(철학)','홀가분','557','410','2011','180.4-정94ㅎ'),(834,'행정정보문고센터','100(철학)','딸에게 보내는 심리학 편지 : 30년 동안 미처 하지 못했던 그러나 꼭 해 주고 싶은 이야기들','684','119','2020','180.4-한54ㄸ'),(835,'행정정보문고센터','100(철학)','나를 마주할 용기','563','150','2014','180.4-홀298ㄴ'),(836,'행정정보문고센터','100(철학)','나는 무엇을 원하는가 : 천재 심리학자가 발견한 11가지 삶의 비밀','564','59','2013','180.4-힐34ㄴ'),(837,'행정정보문고센터','100(철학)','영향력은 어떻게 만들어지는가 : 세계 최고 심리학자들이 밝혀낸 존재감, 리더십, 주도권, 협상력의 비밀','42','103','2016','180.733-구66ㅇ'),(838,'행정정보문고센터','100(철학)','(세상에서 가장 재미있는) 61가지 심리실험 : 인간관계편','512','170','2019','180.733-이874ㅇ'),(839,'행정정보문고센터','100(철학)','(나를 바꾸는 심리학의 지혜)프레임','611','5','2007','180.733-최68ㄴ'),(840,'행정정보문고센터','100(철학)','나를 사랑하지 않는 나에게 : 존중받지 못한 내 마음을 위한 심리학','286','210','2016','180-박78ㄴ'),(841,'행정정보문고센터','100(철학)','쓸데없는 걱정 따위 : 당신의 걱정이 실제로 일어날 확률은 얼마일까','367','402','2016','180-시32ㅆ'),(842,'행정정보문고센터','100(철학)','(누구나 쉽고 재미있게 읽는 만화) 처음 시작하는 자신의 심리학','436','252','2018','180-유66ㅊ'),(843,'행정정보문고센터','100(철학)','지적 대화를 위한 심리학 백과사전 : 세상을 살아가는 가장 유익한 지식, 마음의 비밀','516','209','2015','180-이94ㅈ'),(844,'행정정보문고센터','100(철학)','내 마음도 몰라주는 당신, 이유는 내 행동에 있다 : 사회심리학자의 상담실','542','159','2012','180-전66ㄴ'),(845,'행정정보문고센터','100(철학)','프레즌스 : 위대한 도전을 완성하는 최고의 나를 찾아서','403','226','2016','180-커28ㅍ'),(846,'행정정보문고센터','100(철학)','홀로서기 심리학 : 이제는 흔들리지 않고 삶의 중심을 잡고 싶다면','196','119','2020','180-필28ㅎ'),(847,'행정정보문고센터','100(철학)','늦깎이 천재들의 비밀 : 전문화된 세상에서 늦깎이 제너럴리스트가 성공하는 이유','185','240','2020','181.11-엡57ㄴ'),(848,'행정정보문고센터','100(철학)','특이점이 온다 : 기술이 인간을 초월하는 순간','203','51','2013','181.12-커77ㅌ'),(849,'행정정보문고센터','100(철학)','청소년을 위한 콰이어트 파워 : 내향형 아이들의 숨겨진 강점','349','226','2018','181.12-케68ㅊ'),(850,'행정정보문고센터','100(철학)','9번째 지능 : 같은 재능, 전혀 다른 삶의 차이','470','341','2015','181.1-이55ㅇ'),(851,'행정정보문고센터','100(철학)','탤런트 코드 : 재능을 지배하는 세 가지 법칙','179','257','2021','181.1-코68ㅌ'),(852,'행정정보문고센터','100(철학)','명화와 대화하는 색채 심리학','506','272','2017','181.21-이78ㅁ'),(853,'행정정보문고센터','100(철학)','컬러의 힘 : 내 삶을 바꾸는 가장 강력한 언어','625','267','2019','181.21-할294ㅋ'),(854,'행정정보문고센터','100(철학)','시간의 놀라운 발견 : 시간의 미스터리에 빠진 사람들을 위한 시간사용설명서','351','257','2007','181.27-클292ㅅ'),(855,'행정정보문고센터','100(철학)','안녕하세요, 시간입니다 : 심리학과 뇌과학이 파헤친 시간의 비밀','351','101','2017','181.27-클292ㅇ'),(856,'행정정보문고센터','100(철학)','(예술, 디자인 그리고 인문학도를 위한) 지각심리학','348','378','2014','181.2-쇤92ㅈ'),(857,'행정정보문고센터','100(철학)','하루 1분 추리게임','19','146','2016','181.36-와68ㅎ'),(858,'행정정보문고센터','100(철학)','알고리즘, 인생을 계산하다 : 일상의 모든 문제를 단숨에 해결하는 생각의 혁명','312','341','2018','181.36-크298ㅇ'),(859,'행정정보문고센터','100(철학)','Flow : 미치도록 행복한 나를 만난다','256','408','2004','181.37-칙54ㅍ'),(860,'행정정보문고센터','100(철학)','Flow : 미치도록 행복한 나를 만난다','256','408','2004','181.37-칙54ㅍ=2'),(861,'행정정보문고센터','100(철학)','나의 꿈 사용법 : 진정한 나를 마주하기 위한 꿈 인문학','37','380','2014','181.383-고94ㄴ'),(862,'행정정보문고센터','100(철학)','어젯밤 꿈이 당신에게 말하는 것','136','59','2013','181.383-김94ㅇ'),(863,'행정정보문고센터','100(철학)','무의식의 두 얼굴 : 어떤 무의식을 선택할 것인가','129','268','2016','181.38-김883ㅁ'),(864,'행정정보문고센터','100(철학)','적정한 삶=Appropriate life : 불안의 시대를 살아가는 우리에게 건네는 인지심리학의 위로와 통찰','61','323','2021','181.3-김14ㅈ'),(865,'행정정보문고센터','100(철학)','적정한 삶=Appropriate life : 불안의 시대를 살아가는 우리에게 건네는 인지심리학의 위로와 통찰','61','323','2021','181.3-김14ㅈ=2'),(866,'행정정보문고센터','100(철학)','왓칭  = Watching : 신이 부리는 요술','81','300','2011','181.3-김52ㅇ'),(867,'행정정보문고센터','100(철학)','왓칭  = Watching. 2','81','300','2016','181.3-김52ㅇ-2'),(868,'행정정보문고센터','100(철학)','믿는다는 것의 과학 : 뇌과학이 밝혀낸 믿음의 비밀','391','425','2012','181.3-뉴44ㅁ'),(869,'행정정보문고센터','100(철학)','나는 왜 똑같은 생각만 할까','182','151','2016','181.3-니48ㄴ'),(870,'행정정보문고센터','100(철학)','생각의 지도 = The geography of thought','222','51','2010','181.3-니57ㅅ'),(871,'행정정보문고센터','100(철학)','작은 집을 권하다 : 단순하지 않은 것은 피곤하다','164','336','2013','181.3-다872ㅈ'),(872,'행정정보문고센터','100(철학)','스마트한 생각들 : 사람의 마음을 움직이는 52가지 심리법칙','212','29','2013','181.3-도44ㅅ'),(873,'행정정보문고센터','100(철학)','무기화된 거짓말 : 진실보다 감정에 이끌리는 탈진실의 시대','176','108','2017','181.3-레48ㅁ'),(874,'행정정보문고센터','100(철학)','정리하는 뇌','175','251','2015','181.3-레48ㅈ'),(875,'행정정보문고센터','100(철학)','우연접속자 : 동시성과 세렌디피티, 동시경험이 초대하는 우연의 세계','295','422','2017','181.3-바68ㅇ'),(876,'행정정보문고센터','100(철학)','생각을 확장하다 : 사고력, 판단력, 기억력을 최대로 높이는 법','352','427','2016','181.3-브294ㅅ'),(877,'행정정보문고센터','100(철학)','우리는 누구도 완벽하지 않다 : 실수의 재발견','432','426','2015','181.3-쉐894ㅇ'),(878,'행정정보문고센터','100(철학)','0초 사고','379','240','2015','181.3-아872ㅇ'),(879,'행정정보문고센터','100(철학)','보이지 않는 고릴라','638','51','2011','181.3-차47ㅂ'),(880,'행정정보문고센터','100(철학)','생각에 관한 생각 : 우리의 행동을 지배하는 생각의 반란','178','51','2012','181.3-카194ㅅ'),(881,'행정정보문고센터','100(철학)','생각에 관한 생각 : 우리의 행동을 지배하는 생각의 반란','178','51','2012','181.3-카194ㅅ=2'),(882,'행정정보문고센터','100(철학)','딴생각의 힘 : 집중 강박에 시달리는 현대인에게 전하는 멍때림과 딴생각의 위력','232','373','2016','181.3-코44ㄸ'),(883,'행정정보문고센터','100(철학)','생각 버리기 연습','631','5','2010','181.3-코68ㅅ'),(884,'행정정보문고센터','100(철학)','생각의 기원 : 영장류학자가 밝히는 생각의 탄생과 진화','233','278','2017','181.3-토32ㅅ'),(885,'행정정보문고센터','100(철학)','나는 생각이 너무 많아, 생존편 : 넘치는 생각 때문에 일, 연애, 인간관계가 피곤한 당신을 위한 심리 처방','637','151','2016','181.3-프888ㄴ'),(886,'행정정보문고센터','100(철학)','멍 때리기의 기적 : 생각을 멈추고 여유를 찾는 뇌의 비밀','353','51','2018','181.3-필294ㅁ'),(887,'행정정보문고센터','100(철학)','마음은 어떻게 작동하는가 : 과학이 발견한 인간 마음의 작동 원리와 진화심리학의 관점','364','96','2007','181.3-핑874ㅁ'),(888,'행정정보문고센터','100(철학)','나도 아직 나를 모른다','699','420','2019','181.3-허76ㄴ'),(889,'행정정보문고센터','100(철학)','가끔은 제정신  : 우리는 늘 착각 속에 산다','700','220','2012','181.3-허883ㄱ'),(890,'행정정보문고센터','100(철학)','가끔은 제정신  : 우리는 늘 착각 속에 산다','700','220','2012','181.3-허883ㄱ=2'),(891,'행정정보문고센터','100(철학)','가끔은 제정신  : 우리는 늘 착각 속에 산다','700','220','2012','181.3-허883ㄱ=3'),(892,'행정정보문고센터','100(철학)','사람은 어떻게 생각하고 배우고 기억하는가 : 하버드 최고의 뇌과학 강의','561','353','2020','181.3-호42ㅅ'),(893,'행정정보문고센터','100(철학)','세계 1%의 철학수업 = Philosophical thinking : 정답이 없는 문제를 해결하는 생각법','718','5','2016','181.3-후876ㅅ'),(894,'행정정보문고센터','100(철학)','세계 1%의 철학수업 = Philosophical thinking : 정답이 없는 문제를 해결하는 생각법','718','5','2016','181.3-후876ㅅ=2'),(895,'행정정보문고센터','100(철학)','(놀라운)집중의 기술','198','48','2006','181.4-라68ㄴ=2'),(896,'행정정보문고센터','100(철학)','생각정리의 기술','191','322','2007','181.4-르27ㅅ'),(897,'행정정보문고센터','100(철학)','토니 부잔 마인드맵 마스터 : 당신의 잠재력을 이끌어낼 최고의 생각 도구','643','137','2019','181.4-부72ㅌ'),(898,'행정정보문고센터','100(철학)','(평범한 사람도 천재로 만드는)뇌 길들이기','640','44','2015','181.4-슈883ㄴ'),(899,'행정정보문고센터','100(철학)','슈퍼 기억력의 비밀','399','421','2009','181.4-카85ㅅ'),(900,'행정정보문고센터','100(철학)','(어제 일도 기억나지 않는 사람들을 위한) 기억력 수업','629','414','2017','181.4-호57ㄱ'),(901,'행정정보문고센터','100(철학)','싱크 어게인 : 모르는 것을 아는 힘','389','383','2021','181.53-그293ㅅ'),(902,'행정정보문고센터','100(철학)','생각의 탄생','209','236','2007','181.53-루295ㅅ'),(903,'행정정보문고센터','100(철학)','아이디어가 폭발하는 생각의 법칙','231','356','2019','181.53-미872ㅇ'),(904,'행정정보문고센터','100(철학)','시작하기 전에 알았더라면 좋았을 것들 : 스탠퍼드대 미래실행 보고서','648','116','2016','181.53-실298ㅅ'),(905,'행정정보문고센터','100(철학)','생각지도 못한 생각지도','434','264','2011','181.53-유64ㅅ'),(906,'행정정보문고센터','100(철학)','누가 내 머릿속에 창의력을 심어놨지 : 카이스트 이광형 교수의 3차원 창의력 개발법','456','127','2015','181.53-이15ㄴ'),(907,'행정정보문고센터','100(철학)','똑똑한 식스팩','466','68','2016','181.53-이38ㄸ'),(908,'행정정보문고센터','100(철학)','생각 : 이여령창조학교교','477','191','2009','181.53-이64ㅅ'),(909,'행정정보문고센터','100(철학)','Thinking : 왜 나는 아이디어가 없을까','528','109','2016','181.53-임74ㅆ'),(910,'행정정보문고센터','100(철학)','상상하여 창조하라! : 지식생태학자 유영만의 생각혁신 프로젝트 = Imagination creativity!','434','265','2008','181.5-유64ㅅ=2'),(911,'행정정보문고센터','100(철학)','또 화를 내고 말았습니다 : 화가 치밀 때 펼쳐보는 책','40','86','2017','181.71-공78ㄸ'),(912,'행정정보문고센터','100(철학)','서른 살이 심리학에게 묻다 : 대한민국 30대를 위한 심리치유카페','139','26','2009','181.71-김94ㅅ'),(913,'행정정보문고센터','100(철학)','서른 살이 심리학에게 묻다','139','26','2008','181.71-김94ㅅ=2'),(914,'행정정보문고센터','100(철학)','기분이 태도가 되지 않게','202','27','2020','181.71-레35ㄱ'),(915,'행정정보문고센터','100(철학)','화가 花로 피어날 때','244','124','2015','181.71-무12ㅎ'),(916,'행정정보문고센터','100(철학)','행복의 기원 : 인간의 행복은 어디서 오는가 : 생존과 번식, 행복은 진화의 산물이다','333','5','2014','181.71-서67ㅎ'),(917,'행정정보문고센터','100(철학)','세네카의 화 다스리기 : 화에 대한 치유법을 제시한 위대한 고전','215','205','2014','181.71-세194ㅅ'),(918,'행정정보문고센터','100(철학)','포기하는 용기 : 온전한 나로 살고 싶은 이들에게 보내는 정신분석가의 지혜','472','158','2018','181.71-이57ㅍ'),(919,'행정정보문고센터','100(철학)','불안과 잘 지내는 법 : 불안은 더 나은 삶을 위한 강력한 자극이다','636','268','2020','181.71-코887ㅂ'),(920,'행정정보문고센터','100(철학)','사랑의 기술','7','418','2012','181.71-프295ㅅ'),(921,'행정정보문고센터','100(철학)','우리는 여전히 삶을 사랑하는가','400','51','2022','181.71-프295ㅇ'),(922,'행정정보문고센터','100(철학)','(강신주의) 감정수업 : 스피노자와 함께 배우는 인간의 48가지 얼굴','25','139','2013','181.7-강58ㄱ'),(923,'행정정보문고센터','100(철학)','감정조절자 : 나를 힘겹게 하는 나와 작별하기 프로젝트','109','413','2020','181.7-김68ㄱ'),(924,'행정정보문고센터','100(철학)','타인에 대한 연민 : 혐오의 시대를 우아하게 건너는 방법','228','226','2020','181.7-누57ㅌ'),(925,'행정정보문고센터','100(철학)','조안의 죄의식 : 죄의식에서 벗어나 진정한 자유를 향해 여행하라','626','225','2015','181.7-브294ㅈ'),(926,'행정정보문고센터','100(철학)','정의를 밀어붙이는 사람','398','220','2018','181.7-에195ㅈ'),(927,'행정정보문고센터','100(철학)','나는 감정이 있는 존재입니다 : `착한 소녀`를 벗어던진 전 세계 십 대들의 고백','468','140','2014','181.7-엔57ㄴ'),(928,'행정정보문고센터','100(철학)','못된 남자에게 끌리는 여자 사랑에 무책임한 남자','529','121','2001','181.7-옌87ㅁ=2'),(929,'행정정보문고센터','100(철학)','(이시형 박사의)둔하게 삽시다','475','383','2015','181.7-이58ㄷ'),(930,'행정정보문고센터','100(철학)','분노도 습관이다 : 화를 못 참는 사람을 위한 마음 사용 설명서','510','30','2015','181.7-이85ㅂ'),(931,'행정정보문고센터','100(철학)','1000가지 감정 : 종잡을 수 없는 감정에 관한 사전','226','20','2017','181.7-지65ㅊ'),(932,'행정정보문고센터','100(철학)','화내지 않는 연습','632','5','2011','181.7-코68ㅎ'),(933,'행정정보문고센터','100(철학)','화내지 않는 연습','632','5','2011','181.7-코68ㅎ=2'),(934,'행정정보문고센터','100(철학)','감정은 패턴이다 : 부정의 감정을 긍정의 감정으로 바꾸는 법','200','268','2019','181.7-타292ㄱ'),(935,'행정정보문고센터','100(철학)','(인생을 바꾸는 자기 혁명) 몰입=Think Hard!','710','106','2007','181.7-황195ㅁ'),(936,'행정정보문고센터','100(철학)','FBI 행동의 심리학 : 말보다 정직한 7가지 몸의 단서','565','111','2011','181.81-내44ㅇ'),(937,'행정정보문고센터','100(철학)','당신은 이미 읽혔다 : 상대의 속마음을 간파하는 기술','392','426','2012','181.81-피75ㄷ'),(938,'행정정보문고센터','100(철학)','습관의 재발견 : 기적 같은 변화를 불러오는 작은 습관의 힘','358','167','2014','181.845-기77ㅅ'),(939,'행정정보문고센터','100(철학)','습관의 힘  : 반복되는 행동이 만드는 극적인 변화','597','26','2013','181.845-두98ㅅ'),(940,'행정정보문고센터','100(철학)','습관의 힘  : 반복되는 행동이 만드는 극적인 변화','597','26','2013','181.845-두98ㅅ=2'),(941,'행정정보문고센터','100(철학)','습관의 힘  : 반복되는 행동이 만드는 극적인 변화','597','26','2013','181.845-두98ㅅ=3'),(942,'행정정보문고센터','100(철학)','습관의 힘  : 반복되는 행동이 만드는 극적인 변화','597','26','2013','181.845-두98ㅅ=4'),(943,'행정정보문고센터','100(철학)','습관의 힘  : 반복되는 행동이 만드는 극적인 변화','597','26','2013','181.845-두98ㅅ=5'),(944,'행정정보문고센터','100(철학)','습관의 힘  : 반복되는 행동이 만드는 극적인 변화','597','26','2013','181.845-두98ㅅ=6'),(945,'행정정보문고센터','100(철학)','해빗=Habit : 내 안의 충동을 이겨내는 습관 설계의 법칙','430','71','2019','181.845-우27ㅎ'),(946,'행정정보문고센터','100(철학)','해빗=Habit : 내 안의 충동을 이겨내는 습관 설계의 법칙','430','71','2019','181.845-우27ㅎ=2'),(947,'행정정보문고센터','100(철학)','습관의 알고리즘 : 인간의 뇌는 어떻게 행동을 설계하는가','201','167','2022','181.845-폴27ㅅ'),(948,'행정정보문고센터','100(철학)','점심메뉴 고르기도 어려운 사람들 : 선택의 스트레스에서 벗어나는 법','289','265','2015','181.91-슈66ㅈ'),(949,'행정정보문고센터','100(철학)','선택의 조건 : 사람은 무엇으로 행복을 얻는가','258','384','2012','181.91-카57ㅅ'),(950,'행정정보문고센터','100(철학)','텔링 라이즈 : 상대의 속마음을 간파하는 힘','655','383','2012','181.9-에877ㅌ'),(951,'행정정보문고센터','100(철학)','사춘기 준비 사전','268','326','2019','181-박54ㅅ'),(952,'행정정보문고센터','100(철학)','(거의) 모든 것을 기억하는 방법','213','69','2017','181-이57ㅁ'),(953,'행정정보문고센터','100(철학)','오해하지 않는 연습, 오해받지 않을 권리 : 타인이라는 감옥에서 나를 지키는 힘','80','19','2018','182.12-김45ㅇ'),(954,'행정정보문고센터','100(철학)','타인보다 더 민감한 사람 : 내 안의 새로운 가치를 발견하는 공감과 위로의 심리학','523','257','2011','182.12-아295ㅌ'),(955,'행정정보문고센터','100(철학)','예민함 내려놓기 : 남보다 예민해서 힘든 사람들을 위한 내 안의 바늘 길들이기','420','232','2018','182.12-오872ㅇ'),(956,'행정정보문고센터','100(철학)','(아들러가 가르쳐 주는)용기의 심리학','141','209','2014','182.1-나872ㅇ'),(957,'행정정보문고센터','100(철학)','절망이 아닌 선택 : 사람이란 완전할 필요가 없다! 오늘부터 당장 그대 자신을 좋아하기 시작해라!','193','58','2016','182.1-루48ㅈ'),(958,'행정정보문고센터','100(철학)','자존감이라는 독 : 자존감 높이기에 중독된 나를 위한 해독 심리학','218','344','2016','182.1-류53ㅈ'),(959,'행정정보문고센터','100(철학)','미루기의 천재들 : 레오나르도 다빈치와 찰스 다윈에서 당신과 나에게로 이어지는 미루기의 역사','390','232','2019','182.1-산884ㅁ'),(960,'행정정보문고센터','100(철학)','하루 50초 셀프토크 : 아들러 심리학의 행복실천법','421','203','2016','182.1-오98ㅎ'),(961,'행정정보문고센터','100(철학)','스토리 : 행동의 방향을 바꾸는 강력한 심리 처방 = Story','649','257','2012','182.1-윌57ㅅ'),(962,'행정정보문고센터','100(철학)','자존감 수업','453','219','2016','182.1-윤95ㅈ'),(963,'행정정보문고센터','100(철학)','콰이어트 : 시끄러운 세상에서 조용히 세상을 움직이는 힘','350','226','2012','182.1-케68ㅋ'),(964,'행정정보문고센터','100(철학)','(즐거운 계획이 나를 행동하게 하는) 내 시간 우선 생활습관','159','341','2018','182.1-피65ㄴ'),(965,'행정정보문고센터','100(철학)','남자는 언제나 이유를 모른다','20','312','2013','182.232-가63ㄴ'),(966,'행정정보문고센터','100(철학)','여자는 모른다 : 남자 이우성이 男子의 본질에 대해 이야기하다','483','313','2013','182.232-이66ㅇ'),(967,'행정정보문고센터','100(철학)','현명한 그녀는 거절하는 것도 다르다','148','257','2008','182.2-가887ㅎ'),(968,'행정정보문고센터','100(철학)','사랑에 빠지는 비밀 심리학','654','279','2009','182.2-도47ㅅ'),(969,'행정정보문고센터','100(철학)','홀로여도 좋지만 네가 있어 더 행복하다 : 노멀로그 무한의 너와 나를 위한 연애 공부','245','31','2013','182.2-무92ㅎ'),(970,'행정정보문고센터','100(철학)','여자가 모르는 여자의 마음, 목소리, 사과, 유리구두','262','345','2010','182.2-박16ㅇ'),(971,'행정정보문고센터','100(철학)','여자는 서운하고 남자는 억울하다  : 지금 막 사랑에 빠진 이들을 위한 응급연애처방전','255','189','2012','182.2-아68ㅇ'),(972,'행정정보문고센터','100(철학)','사랑도 치유가 필요하다  : 사랑이라는 이름의 정서적 학대와 그 치유의 심리학','313','332','2012','182.2-엔74ㅅ'),(973,'행정정보문고센터','100(철학)','(누구나 쉽고 재미있게 읽는 만화) 처음 시작하는 연애 심리학','435','252','2018','182.2-유66ㅊ'),(974,'행정정보문고센터','100(철학)','6층까지 가는 여자 2층까지 가는 남자 : 내 남자 사용설명서','356','372','2015','182.2-할85ㅇ'),(975,'행정정보문고센터','100(철학)','연애하면 왜 아픈 걸까','698','258','2013','182.2-허66ㅇ'),(976,'행정정보문고센터','100(철학)','사랑은 진할수록 아름답다','703','122','2000','182.2-홍54ㅅ'),(977,'행정정보문고센터','100(철학)','첫째아이 심리백과  : 첫째는 어떻게 세상의 리더로 키워지는가','628','177','2012','182.3-리34ㅊ'),(978,'행정정보문고센터','100(철학)','침묵의 책','336','249','2016','182.3-메68ㅊ'),(979,'행정정보문고센터','100(철학)','낭만적 은둔의 역사 : 혼자인 시간을 살아가고 사랑하는 법','184','92','2022','182.3-빈54ㄴ'),(980,'행정정보문고센터','100(철학)','멘탈붕괴  : 실존심리학자가 패닉에 빠진 사람들에게 보내는 치유의 메시지','623','375','2012','182.3-스887ㅁ'),(981,'행정정보문고센터','100(철학)','한국 사회와 그 적들 : 콤플렉스 덩어리 한국 사회에서 상처받지 않고 사는 법','459','344','2013','182.6911-이192ㅎ'),(982,'행정정보문고센터','100(철학)','어쩌다 한국인 : 대한민국 사춘기 심리학','700','312','2015','182.6911-허883ㅇ'),(983,'행정정보문고센터','100(철학)','어쩌다 한국인 : 대한민국 사춘기 심리학','700','312','2017','182.6911-허883ㅇ=2'),(984,'행정정보문고센터','100(철학)','인간과 개, 고양이의 관계 심리학 : 인간과 동물이 서로에게 미치는 영향에 관한 248가지 심리 실험','337','328','2012','182.9-치875ㅇ'),(985,'행정정보문고센터','100(철학)','소녀는 어떻게 어른이 되는가','205','230','2021','183.233-시34ㅅ'),(986,'행정정보문고센터','100(철학)','존 볼비의 안전기지 : 애착이론의 임상적 적용','14','378','2014','183.2-볼48ㅈ'),(987,'행정정보문고센터','100(철학)','소녀들의 심리학','204','230','2011','183.2-시34ㅅ'),(988,'행정정보문고센터','100(철학)','지금 독립하는 중입니다 : 정신과 의사 하지현의 십 대 마음 관찰기','667','326','2017','183.3-하78ㅈ'),(989,'행정정보문고센터','100(철학)','수다 떠는 남자 : 마음이 가벼워야 인생이 가볍다','267','268','2016','183.632-박54ㅅ'),(990,'행정정보문고센터','100(철학)','엄마 심리 수업 : 엄마의 무의식이 아이를 키운다','446','219','2019','183.646-윤66ㅇ'),(991,'행정정보문고센터','100(철학)','늙는다는 착각 : 하버드 심리학 거장이 전하는 건강하고 지혜롭게 사는 법','404','268','2022','183.7-랭64ㄴ'),(992,'행정정보문고센터','100(철학)','마음의 시계 : 시간을 거꾸로 돌리는 매혹적인 심리 실험','404','173','2011','183.7-랭64ㅁ'),(993,'행정정보문고센터','100(철학)','(어차피 살 거라면,)백 살까지 유쾌하게 나이 드는 법','457','119','2019','183.7-이17ㅂ'),(994,'행정정보문고센터','100(철학)','현대 이상심리학 = Contemporary abnormal psychology','47','378','2013','184-권53ㅎ'),(995,'행정정보문고센터','100(철학)','꿈꾸는 뇌의 비밀','383','320','2007','185.51-록62ㄲ'),(996,'행정정보문고센터','100(철학)','융의 영혼의 지도','242','125','2019','185.51-스882ㅇ'),(997,'행정정보문고센터','100(철학)','다시 프로이트, 내 마음의 상처를 읽다 : 일과 사랑, 인간관계에서 힘들어하는 이들을 위한 정신분석학적 처방','433','90','2016','185.51-유44ㄷ'),(998,'행정정보문고센터','100(철학)','필링 굿 : 우리의 생각이 우리의 감정을 만들어낸다','183','222','2019','185.5-번57ㅍ'),(999,'행정정보문고센터','100(철학)','서툴다고 말해도 돼','45','417','2019','186.3-권34ㅅ'),(1000,'행정정보문고센터','100(철학)','두 번은 사랑하지 못하는 병 = Can I fall in love again','46','57','2011','186.3-권36ㄷ');
/*!40000 ALTER TABLE `library_mst` ENABLE KEYS */;
UNLOCK TABLES;

--
-- Table structure for table `publisher_mst`
--

DROP TABLE IF EXISTS `publisher_mst`;
/*!40101 SET @saved_cs_client     = @@character_set_client */;
/*!50503 SET character_set_client = utf8mb4 */;
CREATE TABLE `publisher_mst` (
  `publisher_id` int NOT NULL AUTO_INCREMENT,
  `publisher_name` varchar(200) DEFAULT NULL,
  PRIMARY KEY (`publisher_id`)
) ENGINE=InnoDB AUTO_INCREMENT=512 DEFAULT CHARSET=utf8mb4 COLLATE=utf8mb4_0900_ai_ci;
/*!40101 SET character_set_client = @saved_cs_client */;

--
-- Dumping data for table `publisher_mst`
--

LOCK TABLES `publisher_mst` WRITE;
/*!40000 ALTER TABLE `publisher_mst` DISABLE KEYS */;
INSERT INTO `publisher_mst` VALUES (1,NULL),(2,''),(3,'(주)문학동네'),(4,'21세기 북스'),(5,'21세기북스'),(6,'21세기북스(북이십일 21세기북스)'),(7,'Arte(아르테)'),(8,'Book Lab(북랩)'),(9,'EBS Books(한국교육방송공사)'),(10,'Humanist'),(11,'Jinhan M&B(진한엠앤비)'),(12,'Jpub'),(13,'Jpub(제이펍)'),(14,'MiraeN'),(15,'Playtime(플레이타임)'),(16,'REXmedia(렉스미디어)'),(17,'Snowfox'),(18,'TWIG(티더블유아이지)'),(19,'Whale Books(웨일북)'),(20,'xbooks'),(21,'YBM Sisa.com'),(22,'Youngjin.com(영진닷컴)'),(23,'가갸날'),(24,'개마고원'),(25,'개미'),(26,'갤리온'),(27,'갤리온:웅진씽크빅'),(28,'걷는나무'),(29,'걷는나무(웅진씽크빅)'),(30,'경향BP'),(31,'경향미디어'),(32,'계림닷컴'),(33,'계명대학교 출판부'),(34,'고래가 그랬어'),(35,'고래가숨쉬는도서관'),(36,'고려대학교출판부'),(37,'고즈윈'),(38,'교유서가'),(39,'교학사'),(40,'국립대구박물관'),(41,'굿위즈덤'),(42,'그린비출판사'),(43,'글담'),(44,'글로세움'),(45,'글사랑'),(46,'글항아리'),(47,'기담문고'),(48,'기원전'),(49,'길'),(50,'길벗'),(51,'김영사'),(52,'꿈결'),(53,'끌리는책'),(54,'나남'),(55,'나라원'),(56,'나무,나무'),(57,'나무[수'),(58,'나무생각'),(59,'나무의철학'),(60,'나비의 활주로'),(61,'남해의봄날'),(62,'낮은산'),(63,'내인생의책'),(64,'내하'),(65,'너머학교'),(66,'넥서스'),(67,'녹색평론사'),(68,'뉴'),(69,'늘봄'),(70,'다산라이프'),(71,'다산북스'),(72,'다산초당'),(73,'다산초당(다산북스)'),(74,'다섯수레'),(75,'달리'),(76,'담다'),(77,'대교출판'),(78,'대구공업전문대학'),(79,'대구광역시 남구'),(80,'대구광역시 달성군'),(81,'대구광역시립도서관'),(82,'대구광역시립중앙도서관'),(83,'대구교육대학교'),(84,'대구직할시 중구'),(85,'대구투자금융주식회사361'),(86,'대림북스'),(87,'대원키즈'),(88,'대통령 소속 도서관정보정책위원회'),(89,'더블'),(90,'더숲'),(91,'더좋은책'),(92,'더퀘스트(길벗)'),(93,'돋을새김'),(94,'돌베개'),(95,'동녘'),(96,'동녘사이언스'),(97,'동서문화'),(98,'동아시아'),(99,'동아엠앤비'),(100,'동아일보사'),(101,'뜨인들'),(102,'뜻이있는사람들'),(103,'라의눈'),(104,'라이온북스'),(105,'라티오'),(106,'랜덤하우스'),(107,'럭스미디어'),(108,'레디셋고'),(109,'루비박스'),(110,'루페'),(111,'리더스북'),(112,'마래 M&B'),(113,'마리書舍'),(114,'마산시'),(115,'마이크임팩트북스'),(116,'마일스톤'),(117,'말글빛냄'),(118,'매일신문사'),(119,'메이븐'),(120,'명랑한책방'),(121,'명솔출판'),(122,'명진출판'),(123,'모네상스'),(124,'무한'),(125,'문예출판사'),(126,'문원'),(127,'문학동네'),(128,'문학세계사'),(129,'문학의숲'),(130,'문화체육관광부'),(131,'문화체육부'),(132,'뮤진트리'),(133,'미디어 일다'),(134,'미디어일다'),(135,'미래M&B'),(136,'미래엔'),(137,'미래의창'),(138,'미래인'),(139,'민음사'),(140,'민음인'),(141,'바다출판사'),(142,'바이북스'),(143,'박문각'),(144,'박영사'),(145,'범우사'),(146,'베프북스'),(147,'봄날의책'),(148,'봄볕'),(149,'봄알람'),(150,'부글북스'),(151,'부키'),(152,'북극곰'),(153,'북노마드'),(154,'북로그컴퍼니'),(155,'북루덴스'),(156,'북바이북'),(157,'북스타'),(158,'북스톤'),(159,'북이십일'),(160,'북이십일 21세기북스'),(161,'북클라우드'),(162,'북하우스'),(163,'블루무스'),(164,'블루엘리펀트'),(165,'비룡소'),(166,'비에이블'),(167,'비즈니스북스'),(168,'삐삐북스'),(169,'사계절'),(170,'사람과나무사이'),(171,'사우'),(172,'사월의책'),(173,'사이언스북스'),(174,'사회평론'),(175,'산책자'),(176,'살림'),(177,'살림출판사'),(178,'삼성출판사'),(179,'삼일사'),(180,'상상창작소봄'),(181,'상수리'),(182,'상학당'),(183,'새로운현재'),(184,'새마을文庫中央會'),(185,'새문사'),(186,'새잎'),(187,'새콤'),(188,'샘터'),(189,'샘터사'),(190,'생각비행'),(191,'생각의나무'),(192,'생각정거장'),(193,'생각정원'),(194,'생각하는 책상'),(195,'생각하는책상'),(196,'생능'),(197,'샨티'),(198,'서울대학교출판문화원'),(199,'서울言論人클럽'),(200,'서해문집'),(201,'석문출판사'),(202,'성안당'),(203,'세종서적'),(204,'소소의책'),(205,'소울메이트'),(206,'숲'),(207,'스마트북'),(208,'스마트북스'),(209,'스타북스'),(210,'시공사'),(211,'시공주니어'),(212,'시그마북스'),(213,'시대고시기획'),(214,'시대인'),(215,'시도연구원협의회'),(216,'시드페이퍼'),(217,'시루'),(218,'시아출판'),(219,'심플라이프'),(220,'쌤앤파커스'),(221,'아르테'),(222,'아름드리미디어'),(223,'아이세움'),(224,'아이콕스'),(225,'알마'),(226,'알에이치코리아'),(227,'알키'),(228,'애드앤미디어'),(229,'앤써북'),(230,'양철북'),(231,'어른의시간'),(232,'어크로스'),(233,'에버리치홀딩스'),(234,'에이치투'),(235,'에이콘'),(236,'에코의서재'),(237,'엘도라도'),(238,'연합뉴스'),(239,'연합통신'),(240,'열린책들'),(241,'영남퇴계학연구원'),(242,'영진.com'),(243,'영진닷컴'),(244,'예담'),(245,'예림당'),(246,'예문아카이브'),(247,'오늘'),(248,'오픈하우스'),(249,'올인피앤비'),(250,'와이즈베리'),(251,'와이즈베리(미래엔)'),(252,'우듬지'),(253,'우리교육'),(254,'우리학교'),(255,'움직이는서재'),(256,'웅진씽크빅'),(257,'웅진지식하우스'),(258,'원앤원콘텐츠그룹'),(259,'월간조선'),(260,'웨일북'),(261,'웨일북(whalebooks)'),(262,'웰북'),(263,'웰북스'),(264,'위너스북'),(265,'위즈덤하우스'),(266,'위키북스'),(267,'윌북'),(268,'유노북스'),(269,'유엑스리뷰'),(270,'유유'),(271,'육문사'),(272,'율도국'),(273,'은행나무'),(274,'은행나무출판사'),(275,'을유문화사'),(276,'을파소'),(277,'이다미디어'),(278,'이데아'),(279,'이레'),(280,'이순'),(281,'이와우'),(282,'이제이북스'),(283,'이지'),(284,'이지스퍼블리싱'),(285,'이책'),(286,'인문사회과학출판인협의회'),(287,'인물과사상사'),(288,'인사이트'),(289,'인플루엔셜'),(290,'일송미디어'),(291,'자유문고'),(292,'자유아카데미'),(293,'자유정신사'),(294,'자음과모음'),(295,'재능출판'),(296,'전북대학교출판문화원'),(297,'전자신문사'),(298,'정보문화사'),(299,'정부간행물제작소'),(300,'정신세계사'),(301,'정한책방'),(302,'제14회부산아시아경기대회조직위원회'),(303,'제우미디어'),(304,'젠토피아'),(305,'조달청'),(306,'조선북스'),(307,'조화로운삶'),(308,'좋은생각사람들'),(309,'주니어 김영사'),(310,'주니어김영사'),(311,'주니어랜덤'),(312,'중앙books'),(313,'중앙북스'),(314,'중앙일보사'),(315,'지상의 책'),(316,'지식갤러리'),(317,'지식너머'),(318,'지식서재'),(319,'지식의날개'),(320,'지식의숲'),(321,'지식채널'),(322,'지형'),(323,'진성북스'),(324,'차이정원'),(325,'창'),(326,'창비'),(327,'창작과 비평사'),(328,'책공장더불어'),(329,'책구루'),(330,'책세상'),(331,'책속물고기'),(332,'책으로 여는 세상'),(333,'책이있는마을'),(334,'책이있는풍경'),(335,'책읽는달'),(336,'책읽는수요일'),(337,'천년의상상'),(338,'철수와영희'),(339,'철학과현실사'),(340,'청림Life'),(341,'청림출판'),(342,'청어람미디어'),(343,'초록개구리'),(344,'추수밭'),(345,'커뮤니케이션북스'),(346,'코리아헤럴드'),(347,'크라운출판사'),(348,'클라우드나인'),(349,'클라우드북스'),(350,'키움'),(351,'타래'),(352,'태일출판사'),(353,'토네이도'),(354,'통나무'),(355,'투데이북스'),(356,'트로이목마'),(357,'티더블유아이지'),(358,'파란정원'),(359,'파란정원(책먹는아이)'),(360,'팜파스'),(361,'펄북스'),(362,'페르소나'),(363,'페이퍼로드'),(364,'페이퍼스토리'),(365,'평사리'),(366,'포럼'),(367,'풀빛'),(368,'프런티어'),(369,'프로방스'),(370,'프로파간다'),(371,'프뢰벨'),(372,'프리윌출판사'),(373,'플루토'),(374,'필로소픽'),(375,'하늘눈'),(376,'학교도서관저널'),(377,'학원출판공사'),(378,'학지사'),(379,'한강문학'),(380,'한겨레'),(381,'한겨레신문사'),(382,'한겨레출판'),(383,'한국경제신문'),(384,'한국경제신문 한경BP'),(385,'한국문헌정보학회'),(386,'한국문화관광연구원'),(387,'한국브리태니커회사'),(388,'한국사진기자회'),(389,'한국전산원'),(390,'한국정신문화연구원'),(391,'한국지역발전연구재단'),(392,'한국톨스토이'),(393,'한국편집기자협의회'),(394,'한국편집기자협회'),(395,'한국편집보도기자클럽'),(396,'한국학술정보'),(397,'한권의책'),(398,'한길사'),(399,'한문화멀티미디어'),(400,'한빛라이프'),(401,'한빛미디어'),(402,'한빛비즈'),(403,'한빛아카데미'),(404,'한솔교육'),(405,'한솔수북'),(406,'한언'),(407,'한영출판사'),(408,'한울림'),(409,'한울아카데미'),(410,'해냄'),(411,'해냄출판사'),(412,'행복우물'),(413,'헥소미아'),(414,'현암사'),(415,'형설아이'),(416,'혜지원'),(417,'호밀밭'),(418,'홍신문화사'),(419,'홍익'),(420,'홍익출판사'),(421,'황금가지'),(422,'황금거북'),(423,'효리원'),(424,'휴머니스트'),(425,'휴먼사이언스'),(426,'흐름'),(427,'흐름출판'),(428,'大明出版社'),(429,'大邱廣域市立中央圖書館'),(430,'大邱直轄市'),(431,'大邱直轄市 北區'),(432,'大邱直轄市立中央圖書館'),(433,'嶺南專門大學'),(434,'東亞日報社'),(435,'每日新聞社'),(436,'知와사랑'),(437,'聯合通信'),(438,'行政自治部 政府記錄保存所'),(439,'韓國編輯記者會');
/*!40000 ALTER TABLE `publisher_mst` ENABLE KEYS */;
UNLOCK TABLES;

--
-- Dumping events for database 'db_study3'
--

--
-- Current Database: `db_study2_explain`
--

CREATE DATABASE /*!32312 IF NOT EXISTS*/ `db_study2_explain` /*!40100 DEFAULT CHARACTER SET utf8mb4 COLLATE utf8mb4_0900_ai_ci */ /*!80016 DEFAULT ENCRYPTION='N' */;

USE `db_study2_explain`;

--
-- Table structure for table `course_mst`
--

DROP TABLE IF EXISTS `course_mst`;
/*!40101 SET @saved_cs_client     = @@character_set_client */;
/*!50503 SET character_set_client = utf8mb4 */;
CREATE TABLE `course_mst` (
  `couse_id` int NOT NULL,
  `student_id` int NOT NULL,
  `lecture_id` int NOT NULL,
  `instructor_id` int NOT NULL,
  PRIMARY KEY (`couse_id`)
) ENGINE=InnoDB DEFAULT CHARSET=utf8mb4 COLLATE=utf8mb4_0900_ai_ci;
/*!40101 SET character_set_client = @saved_cs_client */;

--
-- Dumping data for table `course_mst`
--

LOCK TABLES `course_mst` WRITE;
/*!40000 ALTER TABLE `course_mst` DISABLE KEYS */;
INSERT INTO `course_mst` VALUES (1,1,1,1),(2,2,1,1),(3,3,2,2),(4,1,3,3);
/*!40000 ALTER TABLE `course_mst` ENABLE KEYS */;
UNLOCK TABLES;

--
-- Table structure for table `instructor_mst`
--

DROP TABLE IF EXISTS `instructor_mst`;
/*!40101 SET @saved_cs_client     = @@character_set_client */;
/*!50503 SET character_set_client = utf8mb4 */;
CREATE TABLE `instructor_mst` (
  `instructor_id` int NOT NULL,
  `instructor_name` varchar(45) DEFAULT NULL,
  `university_id` int DEFAULT NULL,
  PRIMARY KEY (`instructor_id`)
) ENGINE=InnoDB DEFAULT CHARSET=utf8mb4 COLLATE=utf8mb4_0900_ai_ci;
/*!40101 SET character_set_client = @saved_cs_client */;

--
-- Dumping data for table `instructor_mst`
--

LOCK TABLES `instructor_mst` WRITE;
/*!40000 ALTER TABLE `instructor_mst` DISABLE KEYS */;
INSERT INTO `instructor_mst` VALUES (1,'김준일',1),(2,'김준이',2),(3,'김준삼',3);
/*!40000 ALTER TABLE `instructor_mst` ENABLE KEYS */;
UNLOCK TABLES;

--
-- Table structure for table `lecture_mst`
--

DROP TABLE IF EXISTS `lecture_mst`;
/*!40101 SET @saved_cs_client     = @@character_set_client */;
/*!50503 SET character_set_client = utf8mb4 */;
CREATE TABLE `lecture_mst` (
  `lecture_id` int NOT NULL,
  `lecture_name` varchar(45) NOT NULL,
  `lecture_price` int NOT NULL,
  PRIMARY KEY (`lecture_id`,`lecture_name`)
) ENGINE=InnoDB DEFAULT CHARSET=utf8mb4 COLLATE=utf8mb4_0900_ai_ci;
/*!40101 SET character_set_client = @saved_cs_client */;

--
-- Dumping data for table `lecture_mst`
--

LOCK TABLES `lecture_mst` WRITE;
/*!40000 ALTER TABLE `lecture_mst` DISABLE KEYS */;
INSERT INTO `lecture_mst` VALUES (1,'java',100000),(2,'python',80000),(3,'c',60000);
/*!40000 ALTER TABLE `lecture_mst` ENABLE KEYS */;
UNLOCK TABLES;

--
-- Table structure for table `mentor_mst`
--

DROP TABLE IF EXISTS `mentor_mst`;
/*!40101 SET @saved_cs_client     = @@character_set_client */;
/*!50503 SET character_set_client = utf8mb4 */;
CREATE TABLE `mentor_mst` (
  `mentor_id` int NOT NULL,
  `mentor_name` varchar(45) NOT NULL,
  PRIMARY KEY (`mentor_id`)
) ENGINE=InnoDB DEFAULT CHARSET=utf8mb4 COLLATE=utf8mb4_0900_ai_ci;
/*!40101 SET character_set_client = @saved_cs_client */;

--
-- Dumping data for table `mentor_mst`
--

LOCK TABLES `mentor_mst` WRITE;
/*!40000 ALTER TABLE `mentor_mst` DISABLE KEYS */;
INSERT INTO `mentor_mst` VALUES (1,'문자영'),(2,'김소빈');
/*!40000 ALTER TABLE `mentor_mst` ENABLE KEYS */;
UNLOCK TABLES;

--
-- Table structure for table `student_mst`
--

DROP TABLE IF EXISTS `student_mst`;
/*!40101 SET @saved_cs_client     = @@character_set_client */;
/*!50503 SET character_set_client = utf8mb4 */;
CREATE TABLE `student_mst` (
  `student_id` int NOT NULL,
  `student_name` varchar(45) NOT NULL,
  `mentor_id` int DEFAULT NULL,
  PRIMARY KEY (`student_id`)
) ENGINE=InnoDB DEFAULT CHARSET=utf8mb4 COLLATE=utf8mb4_0900_ai_ci;
/*!40101 SET character_set_client = @saved_cs_client */;

--
-- Dumping data for table `student_mst`
--

LOCK TABLES `student_mst` WRITE;
/*!40000 ALTER TABLE `student_mst` DISABLE KEYS */;
INSERT INTO `student_mst` VALUES (1,'김동민',1),(2,'김두영',2),(3,'장진원',1),(6,'김준경',15),(7,'이현수',1),(8,'정의현',1);
/*!40000 ALTER TABLE `student_mst` ENABLE KEYS */;
UNLOCK TABLES;

--
-- Table structure for table `university_mst`
--

DROP TABLE IF EXISTS `university_mst`;
/*!40101 SET @saved_cs_client     = @@character_set_client */;
/*!50503 SET character_set_client = utf8mb4 */;
CREATE TABLE `university_mst` (
  `university_id` int NOT NULL,
  `university_name` varchar(45) NOT NULL,
  PRIMARY KEY (`university_id`)
) ENGINE=InnoDB DEFAULT CHARSET=utf8mb4 COLLATE=utf8mb4_0900_ai_ci;
/*!40101 SET character_set_client = @saved_cs_client */;

--
-- Dumping data for table `university_mst`
--

LOCK TABLES `university_mst` WRITE;
/*!40000 ALTER TABLE `university_mst` DISABLE KEYS */;
INSERT INTO `university_mst` VALUES (1,'서울대'),(2,'성균관대'),(3,'한양대'),(4,'부산대'),(5,'창원대'),(6,'부경대'),(7,'동명대'),(8,'동의대'),(9,'동아대');
/*!40000 ALTER TABLE `university_mst` ENABLE KEYS */;
UNLOCK TABLES;

--
-- Dumping events for database 'db_study2_explain'
--
/*!40103 SET TIME_ZONE=@OLD_TIME_ZONE */;

/*!40101 SET SQL_MODE=@OLD_SQL_MODE */;
/*!40014 SET FOREIGN_KEY_CHECKS=@OLD_FOREIGN_KEY_CHECKS */;
/*!40014 SET UNIQUE_CHECKS=@OLD_UNIQUE_CHECKS */;
/*!40101 SET CHARACTER_SET_CLIENT=@OLD_CHARACTER_SET_CLIENT */;
/*!40101 SET CHARACTER_SET_RESULTS=@OLD_CHARACTER_SET_RESULTS */;
/*!40101 SET COLLATION_CONNECTION=@OLD_COLLATION_CONNECTION */;
/*!40111 SET SQL_NOTES=@OLD_SQL_NOTES */;

-- Dump completed on 2023-01-20 17:47:59
